32;1;Ruhs Crenata;Esqueje;300;1;;0;;;;;E01;;;;;;;;;;;;;;0;162;;;;;;;;;esqueje;Meta title-RUHS CRENATA;Meta keywords-RUHS CRENATA;Meta description-RUHS CRENATA;;En Stock;Reserva disponible;0;2023-01-15;2023-01-15;1;;;0;;0;new;0;0;0;0;0;;;;;0;0;0;0;0
33;1;Veronica Buxifolia;Esqueje;300;1;;0;;;;;E02;;;;;;;;;;;;;;0;162;;;;;;;;;esqueje;Meta title-VERONICA BUXIFOLIA;Meta keywords-VERONICA BUXIFOLIA;Meta description-VERONICA BUXIFOLIA;;En Stock;Reserva disponible;0;2023-01-15;2023-01-15;1;;;0;;0;new;0;0;0;0;0;;;;;0;0;0;0;0
34;1;Hiedra Cardenal;Esqueje;400;1;;0;;;;;E03;;;;;;;;;;;;;;0;162;;;;;;;;;esqueje;Meta title-HIEDRA CARDENAL;Meta keywords-HIEDRA CARDENAL;Meta description-HIEDRA CARDENAL;;En Stock;Reserva disponible;0;2023-01-15;2023-01-15;1;;;0;;0;new;0;0;0;0;0;;;;;0;0;0;0;0
35;1;Cardenal (geranio);Esqueje;300;1;;0;;;;;E04;;;;;;;;;;;;;;0;162;;;;;;;;;esqueje;Meta title-CARDENAL (GERANIO);Meta keywords-CARDENAL (GERANIO);Meta description-CARDENAL (GERANIO);;En Stock;Reserva disponible;0;2023-01-15;2023-01-15;1;;;0;;0;new;0;0;0;0;0;;;;;0;0;0;0;0
36;1;Pelargonio Grande;Esqueje;310;1;;0;;;;;E05;;;;;;;;;;;;;;0;162;;;;;;;;;esqueje;Meta title-PELARGONIO GRANDE;Meta keywords-PELARGONIO GRANDE;Meta description-PELARGONIO GRANDE;;En Stock;Reserva disponible;0;2023-01-15;2023-01-15;1;;;0;;0;new;0;0;0;0;0;;;;;0;0;0;0;0
37;1;Pelargonio Enano;Esqueje;300;1;;0;;;;;E06;;;;;;;;;;;;;;0;162;;;;;;;;;esqueje;Meta title-PELARGONIO ENANO;Meta keywords-PELARGONIO ENANO;Meta description-PELARGONIO ENANO;;En Stock;Reserva disponible;0;2023-01-15;2023-01-15;1;;;0;;0;new;0;0;0;0;0;;;;;0;0;0;0;0
38;1;Coprosma;Esqueje;350;1;;0;;;;;E07;;;;;;;;;;;;;;0;162;;;;;;;;;esqueje;Meta title-COPROSMA;Meta keywords-COPROSMA;Meta description-COPROSMA;;En Stock;Reserva disponible;0;2023-01-15;2023-01-15;1;;;0;;0;new;0;0;0;0;0;;;;;0;0;0;0;0
39;1;Diosma;Esqueje;800;1;;0;;;;;E08;;;;;;;;;;;;;;0;162;;;;;;;;;esqueje;Meta title-DIOSMA;Meta keywords-DIOSMA;Meta description-DIOSMA;;En Stock;Reserva disponible;0;2023-01-15;2023-01-15;1;;;0;;0;new;0;0;0;0;0;;;;;0;0;0;0;0
40;1;Santolina;Esqueje;300;1;;0;;;;;E09;;;;;;;;;;;;;;0;162;;;;;;;;;esqueje;Meta title-SANTOLINA;Meta keywords-SANTOLINA;Meta description-SANTOLINA;;En Stock;Reserva disponible;0;2023-01-15;2023-01-15;1;;;0;;0;new;0;0;0;0;0;;;;;0;0;0;0;0
41;1;Lavanda Francesa;Esqueje;300;1;;0;;;;;E10;;;;;;;;;;;;;;0;162;;;;;;;;;esqueje;Meta title-LAVANDA FRANCESA;Meta keywords-LAVANDA FRANCESA;Meta description-LAVANDA FRANCESA;;En Stock;Reserva disponible;0;2023-01-15;2023-01-15;1;;;0;;0;new;0;0;0;0;0;;;;;0;0;0;0;0
42;1;Lavanda Inglesa;Esqueje;300;1;;0;;;;;E11;;;;;;;;;;;;;;0;162;;;;;;;;;esqueje;Meta title-LAVANDA INGLESA;Meta keywords-LAVANDA INGLESA;Meta description-LAVANDA INGLESA;;En Stock;Reserva disponible;0;2023-01-15;2023-01-15;1;;;0;;0;new;0;0;0;0;0;;;;;0;0;0;0;0
43;1;Lavanda Stoecha;Esqueje;300;1;;0;;;;;E12;;;;;;;;;;;;;;0;162;;;;;;;;;esqueje;Meta title-LAVANDA STOECHA;Meta keywords-LAVANDA STOECHA;Meta description-LAVANDA STOECHA;;En Stock;Reserva disponible;0;2023-01-15;2023-01-15;1;;;0;;0;new;0;0;0;0;0;;;;;0;0;0;0;0
44;1;Romero Arbustivo;Esqueje;320;1;;0;;;;;E13;;;;;;;;;;;;;;0;162;;;;;;;;;esqueje;Meta title-ROMERO ARBUSTIVO;Meta keywords-ROMERO ARBUSTIVO;Meta description-ROMERO ARBUSTIVO;;En Stock;Reserva disponible;0;2023-01-15;2023-01-15;1;;;0;;0;new;0;0;0;0;0;;;;;0;0;0;0;0
45;1;Romero Rastrero;Esqueje;320;1;;0;;;;;E14;;;;;;;;;;;;;;0;162;;;;;;;;;esqueje;Meta title-ROMERO RASTRERO;Meta keywords-ROMERO RASTRERO;Meta description-ROMERO RASTRERO;;En Stock;Reserva disponible;0;2023-01-15;2023-01-15;1;;;0;;0;new;0;0;0;0;0;;;;;0;0;0;0;0
46;1;Brachicome;Esqueje;320;1;;0;;;;;E15;;;;;;;;;;;;;;0;162;;;;;;;;;esqueje;Meta title-BRACHICOME;Meta keywords-BRACHICOME;Meta description-BRACHICOME;;En Stock;Reserva disponible;0;2023-01-15;2023-01-15;1;;;0;;0;new;0;0;0;0;0;;;;;0;0;0;0;0
47;1;Veronica Cuphea;Esqueje;320;1;;0;;;;;E16;;;;;;;;;;;;;;0;162;;;;;;;;;esqueje;Meta title-VERONICA CUPHEA;Meta keywords-VERONICA CUPHEA;Meta description-VERONICA CUPHEA;;En Stock;Reserva disponible;0;2023-01-15;2023-01-15;1;;;0;;0;new;0;0;0;0;0;;;;;0;0;0;0;0
48;1;Alegria Del Hogar Doble;Esqueje;390;1;;0;;;;;E17;;;;;;;;;;;;;;0;162;;;;;;;;;esqueje;Meta title-ALEGRIA DEL HOGAR DOBLE;Meta keywords-ALEGRIA DEL HOGAR DOBLE;Meta description-ALEGRIA DEL HOGAR DOBLE;;En Stock;Reserva disponible;0;2023-01-15;2023-01-15;1;;;0;;0;new;0;0;0;0;0;;;;;0;0;0;0;0
49;1;Oregano;Esqueje;100;1;;0;;;;;E18;;;;;;;;;;;;;;0;162;;;;;;;;;esqueje;Meta title-OREGANO;Meta keywords-OREGANO;Meta description-OREGANO;;En Stock;Reserva disponible;0;2023-01-15;2023-01-15;1;;;0;;0;new;0;0;0;0;0;;;;;0;0;0;0;0
50;1;Lantana Arbustiva;Esqueje;350;1;;0;;;;;E19;;;;;;;;;;;;;;0;162;;;;;;;;;esqueje;Meta title-LANTANA ARBUSTIVA;Meta keywords-LANTANA ARBUSTIVA;Meta description-LANTANA ARBUSTIVA;;En Stock;Reserva disponible;0;2023-01-15;2023-01-15;1;;;0;;0;new;0;0;0;0;0;;;;;0;0;0;0;0
51;1;Monalisa;Esqueje;350;1;;0;;;;;E20;;;;;;;;;;;;;;0;162;;;;;;;;;esqueje;Meta title-MONALISA;Meta keywords-MONALISA;Meta description-MONALISA;;En Stock;Reserva disponible;0;2023-01-15;2023-01-15;1;;;0;;0;new;0;0;0;0;0;;;;;0;0;0;0;0
52;1;Suculenta - Sedum;Esqueje;330;1;;0;;;;;E21;;;;;;;;;;;;;;0;162;;;;;;;;;esqueje;Meta title-SUCULENTA / SEDUM;Meta keywords-SUCULENTA / SEDUM;Meta description-SUCULENTA / SEDUM;;En Stock;Reserva disponible;0;2023-01-15;2023-01-15;1;;;0;;0;new;0;0;0;0;0;;;;;0;0;0;0;0
53;1;Fucsia;Esqueje;330;1;;0;;;;;E22;;;;;;;;;;;;;;0;162;;;;;;;;;esqueje;Meta title-FUCSIA;Meta keywords-FUCSIA;Meta description-FUCSIA;;En Stock;Reserva disponible;0;2023-01-15;2023-01-15;1;;;0;;0;new;0;0;0;0;0;;;;;0;0;0;0;0
54;1;Salvia Leucanta;Esqueje;330;1;;0;;;;;E23;;;;;;;;;;;;;;0;162;;;;;;;;;esqueje;Meta title-SALVIA LEUCANTA;Meta keywords-SALVIA LEUCANTA;Meta description-SALVIA LEUCANTA;;En Stock;Reserva disponible;0;2023-01-15;2023-01-15;1;;;0;;0;new;0;0;0;0;0;;;;;0;0;0;0;0
55;1;Erycimum;Esqueje;350;1;;0;;;;;E24;;;;;;;;;;;;;;0;162;;;;;;;;;esqueje;Meta title-ERYCIMUM;Meta keywords-ERYCIMUM;Meta description-ERYCIMUM;;En Stock;Reserva disponible;0;2023-01-15;2023-01-15;1;;;0;;0;new;0;0;0;0;0;;;;;0;0;0;0;0
56;1;Menta;Esqueje;80;1;;0;;;;;E25;;;;;;;;;;;;;;0;162;;;;;;;;;esqueje;Meta title-MENTA;Meta keywords-MENTA;Meta description-MENTA;;En Stock;Reserva disponible;0;2023-01-15;2023-01-15;1;;;0;;0;new;0;0;0;0;0;;;;;0;0;0;0;0
57;1;Artemisa;Esqueje;80;1;;0;;;;;E26;;;;;;;;;;;;;;0;162;;;;;;;;;esqueje;Meta title-ARTEMISA;Meta keywords-ARTEMISA;Meta description-ARTEMISA;;En Stock;Reserva disponible;0;2023-01-15;2023-01-15;1;;;0;;0;new;0;0;0;0;0;;;;;0;0;0;0;0
58;1;Melisa;Esqueje;70;1;;0;;;;;E27;;;;;;;;;;;;;;0;162;;;;;;;;;esqueje;Meta title-MELISA;Meta keywords-MELISA;Meta description-MELISA;;En Stock;Reserva disponible;0;2023-01-15;2023-01-15;1;;;0;;0;new;0;0;0;0;0;;;;;0;0;0;0;0
59;1;Mirto;Esqueje;350;1;;0;;;;;E28;;;;;;;;;;;;;;0;162;;;;;;;;;esqueje;Meta title-MIRTO;Meta keywords-MIRTO;Meta description-MIRTO;;En Stock;Reserva disponible;0;2023-01-15;2023-01-15;1;;;0;;0;new;0;0;0;0;0;;;;;0;0;0;0;0
60;1;Osteospermum;Esqueje;310;1;;0;;;;;E29;;;;;;;;;;;;;;0;162;;;;;;;;;esqueje;Meta title-OSTEOSPERMUM;Meta keywords-OSTEOSPERMUM;Meta description-OSTEOSPERMUM;;En Stock;Reserva disponible;0;2023-01-15;2023-01-15;1;;;0;;0;new;0;0;0;0;0;;;;;0;0;0;0;0
61;1;Petunia Wave;Esqueje;250;1;;0;;;;;E30;;;;;;;;;;;;;;0;162;;;;;;;;;esqueje;Meta title-PETUNIA WAVE;Meta keywords-PETUNIA WAVE;Meta description-PETUNIA WAVE;;En Stock;Reserva disponible;0;2023-01-15;2023-01-15;1;;;0;;0;new;0;0;0;0;0;;;;;0;0;0;0;0
62;1;Vautro;Esqueje;330;1;;0;;;;;E31;;;;;;;;;;;;;;0;162;;;;;;;;;esqueje;Meta title-VAUTRO;Meta keywords-VAUTRO;Meta description-VAUTRO;;En Stock;Reserva disponible;0;2023-01-15;2023-01-15;1;;;0;;0;new;0;0;0;0;0;;;;;0;0;0;0;0
63;1;Ficus Rastrero;Esqueje;330;1;;0;;;;;E32;;;;;;;;;;;;;;0;162;;;;;;;;;esqueje;Meta title-FICUS RASTRERO;Meta keywords-FICUS RASTRERO;Meta description-FICUS RASTRERO;;En Stock;Reserva disponible;0;2023-01-15;2023-01-15;1;;;0;;0;new;0;0;0;0;0;;;;;0;0;0;0;0
65;1;Cianutu Rastrero;Esqueje;350;1;;0;;;;;E34;;;;;;;;;;;;;;0;162;;;;;;;;;esqueje;Meta title-CIANUTU RASTRERO;Meta keywords-CIANUTU RASTRERO;Meta description-CIANUTU RASTRERO;;En Stock;Reserva disponible;0;2023-01-15;2023-01-15;1;;;0;;0;new;0;0;0;0;0;;;;;0;0;0;0;0
66;1;Cianutu Arbustivo;Esqueje;350;1;;0;;;;;E35;;;;;;;;;;;;;;0;162;;;;;;;;;esqueje;Meta title-CIANUTU ARBUSTIVO;Meta keywords-CIANUTU ARBUSTIVO;Meta description-CIANUTU ARBUSTIVO;;En Stock;Reserva disponible;0;2023-01-15;2023-01-15;1;;;0;;0;new;0;0;0;0;0;;;;;0;0;0;0;0
67;1;Paquerette;Esqueje;350;1;;0;;;;;E36;;;;;;;;;;;;;;0;162;;;;;;;;;esqueje;Meta title-PAQUERETTE;Meta keywords-PAQUERETTE;Meta description-PAQUERETTE;;En Stock;Reserva disponible;0;2023-01-15;2023-01-15;1;;;0;;0;new;0;0;0;0;0;;;;;0;0;0;0;0
68;1;Bacopa;Esqueje;300;1;;0;;;;;E37;;;;;;;;;;;;;;0;162;;;;;;;;;esqueje;Meta title-BACOPA;Meta keywords-BACOPA;Meta description-BACOPA;;En Stock;Reserva disponible;0;2023-01-15;2023-01-15;1;;;0;;0;new;0;0;0;0;0;;;;;0;0;0;0;0
69;1;Leonicera;Esqueje;350;1;;0;;;;;E38;;;;;;;;;;;;;;0;162;;;;;;;;;esqueje;Meta title-LEONICERA;Meta keywords-LEONICERA;Meta description-LEONICERA;;En Stock;Reserva disponible;0;2023-01-15;2023-01-15;1;;;0;;0;new;0;0;0;0;0;;;;;0;0;0;0;0
70;1;Abelia;Esqueje;350;1;;0;;;;;E39;;;;;;;;;;;;;;0;162;;;;;;;;;esqueje;Meta title-ABELIA;Meta keywords-ABELIA;Meta description-ABELIA;;En Stock;Reserva disponible;0;2023-01-15;2023-01-15;1;;;0;;0;new;0;0;0;0;0;;;;;0;0;0;0;0
71;1;Poleo;Esqueje;90;1;;0;;;;;E40;;;;;;;;;;;;;;0;162;;;;;;;;;esqueje;Meta title-POLEO;Meta keywords-POLEO;Meta description-POLEO;;En Stock;Reserva disponible;0;2023-01-15;2023-01-15;1;;;0;;0;new;0;0;0;0;0;;;;;0;0;0;0;0
72;1;Euvonimo Enano;Esqueje;360;1;;0;;;;;E41;;;;;;;;;;;;;;0;162;;;;;;;;;esqueje;Meta title-EUVONIMO ENANO;Meta keywords-EUVONIMO ENANO;Meta description-EUVONIMO ENANO;;En Stock;Reserva disponible;0;2023-01-15;2023-01-15;1;;;0;;0;new;0;0;0;0;0;;;;;0;0;0;0;0
73;1;Pitosporo Rastrero;Esqueje;360;1;;0;;;;;E42;;;;;;;;;;;;;;0;162;;;;;;;;;esqueje;Meta title-PITOSPORO RASTRERO;Meta keywords-PITOSPORO RASTRERO;Meta description-PITOSPORO RASTRERO;;En Stock;Reserva disponible;0;2023-01-15;2023-01-15;1;;;0;;0;new;0;0;0;0;0;;;;;0;0;0;0;0
74;1;Cigtus;Esqueje;350;1;;0;;;;;E43;;;;;;;;;;;;;;0;162;;;;;;;;;esqueje;Meta title-CIGTUS;Meta keywords-CIGTUS;Meta description-CIGTUS;;En Stock;Reserva disponible;0;2023-01-15;2023-01-15;1;;;0;;0;new;0;0;0;0;0;;;;;0;0;0;0;0
75;1;Diplademia;Esqueje;1000;1;;0;;;;;E44;;;;;;;;;;;;;;0;162;;;;;;;;;esqueje;Meta title-DIPLADEMIA;Meta keywords-DIPLADEMIA;Meta description-DIPLADEMIA;;En Stock;Reserva disponible;0;2023-01-15;2023-01-15;1;;;0;;0;new;0;0;0;0;0;;;;;0;0;0;0;0
76;1;Eugenia;Esqueje;350;1;;0;;;;;E45;;;;;;;;;;;;;;0;162;;;;;;;;;esqueje;Meta title-EUGENIA;Meta keywords-EUGENIA;Meta description-EUGENIA;;En Stock;Reserva disponible;0;2023-01-15;2023-01-15;1;;;0;;0;new;0;0;0;0;0;;;;;0;0;0;0;0
77;1;Chomisoide;Esqueje;350;1;;0;;;;;E46;;;;;;;;;;;;;;0;162;;;;;;;;;esqueje;Meta title-CHOMISOIDE;Meta keywords-CHOMISOIDE;Meta description-CHOMISOIDE;;En Stock;Reserva disponible;0;2023-01-15;2023-01-15;1;;;0;;0;new;0;0;0;0;0;;;;;0;0;0;0;0
78;1;Cactus Navidad;Esqueje;330;1;;0;;;;;E47;;;;;;;;;;;;;;0;162;;;;;;;;;esqueje;Meta title-CACTUS NAVIDAD;Meta keywords-CACTUS NAVIDAD;Meta description-CACTUS NAVIDAD;;En Stock;Reserva disponible;0;2023-01-15;2023-01-15;1;;;0;;0;new;0;0;0;0;0;;;;;0;0;0;0;0
79;1;Tobira Enano;Esqueje;550;1;;0;;;;;E48;;;;;;;;;;;;;;0;162;;;;;;;;;esqueje;Meta title-TOBIRA ENANO;Meta keywords-TOBIRA ENANO;Meta description-TOBIRA ENANO;;En Stock;Reserva disponible;0;2023-01-15;2023-01-15;1;;;0;;0;new;0;0;0;0;0;;;;;0;0;0;0;0
80;1;Salvia Eliginosa;Esqueje;350;1;;0;;;;;E49;;;;;;;;;;;;;;0;162;;;;;;;;;esqueje;Meta title-SALVIA ELIGINOSA;Meta keywords-SALVIA ELIGINOSA;Meta description-SALVIA ELIGINOSA;;En Stock;Reserva disponible;0;2023-01-15;2023-01-15;1;;;0;;0;new;0;0;0;0;0;;;;;0;0;0;0;0
81;1;Gaura;Esqueje;350;1;;0;;;;;E50;;;;;;;;;;;;;;0;162;;;;;;;;;esqueje;Meta title-GAURA;Meta keywords-GAURA;Meta description-GAURA;;En Stock;Reserva disponible;0;2023-01-15;2023-01-15;1;;;0;;0;new;0;0;0;0;0;;;;;0;0;0;0;0
82;1;Verbena;Esqueje;320;1;;0;;;;;E51;;;;;;;;;;;;;;0;162;;;;;;;;;esqueje;Meta title-VERBENA;Meta keywords-VERBENA;Meta description-VERBENA;;En Stock;Reserva disponible;0;2023-01-15;2023-01-15;1;;;0;;0;new;0;0;0;0;0;;;;;0;0;0;0;0
83;1;Ilex Crenata;Esqueje;350;1;;0;;;;;E52;;;;;;;;;;;;;;0;162;;;;;;;;;esqueje;Meta title-ILEX CRENATA;Meta keywords-ILEX CRENATA;Meta description-ILEX CRENATA;;En Stock;Reserva disponible;0;2023-01-15;2023-01-15;1;;;0;;0;new;0;0;0;0;0;;;;;0;0;0;0;0
84;1;Cochabambina;Esqueje;550;1;;0;;;;;E54;;;;;;;;;;;;;;0;162;;;;;;;;;esqueje;Meta title-COCHABAMBINA;Meta keywords-COCHABAMBINA;Meta description-COCHABAMBINA;;En Stock;Reserva disponible;0;2023-01-15;2023-01-15;1;;;0;;0;new;0;0;0;0;0;;;;;0;0;0;0;0
85;1;Calibrochoa;Esqueje;300;1;;0;;;;;E53;;;;;;;;;;;;;;0;162;;;;;;;;;esqueje;Meta title-CALIBROCHOA;Meta keywords-CALIBROCHOA;Meta description-CALIBROCHOA;;En Stock;Reserva disponible;0;2023-01-15;2023-01-15;1;;;0;;0;new;0;0;0;0;0;;;;;0;0;0;0;0
86;1;Bougainvillea;Esqueje;1500;1;;0;;;;;E55;;;;;;;;;;;;;;0;162;;;;;;;;;esqueje;Meta title-BOUGAINVILLEA;Meta keywords-BOUGAINVILLEA;Meta description-BOUGAINVILLEA;;En Stock;Reserva disponible;0;2023-01-15;2023-01-15;1;;;0;;0;new;0;0;0;0;0;;;;;0;0;0;0;0
87;1;Bignonia Dos Hermanas;Esqueje;500;1;;0;;;;;E56;;;;;;;;;;;;;;0;162;;;;;;;;;esqueje;Meta title-BIGNONIA DOS HERMANAS;Meta keywords-BIGNONIA DOS HERMANAS;Meta description-BIGNONIA DOS HERMANAS;;En Stock;Reserva disponible;0;2023-01-15;2023-01-15;1;;;0;;0;new;0;0;0;0;0;;;;;0;0;0;0;0
88;1;Bignonia Rosada;Esqueje;500;1;;0;;;;;E57;;;;;;;;;;;;;;0;162;;;;;;;;;esqueje;Meta title-BIGNONIA ROSADA;Meta keywords-BIGNONIA ROSADA;Meta description-BIGNONIA ROSADA;;En Stock;Reserva disponible;0;2023-01-15;2023-01-15;1;;;0;;0;new;0;0;0;0;0;;;;;0;0;0;0;0
89;1;Tucan;Esqueje;350;1;;0;;;;;E100;;;;;;;;;;;;;;0;162;;;;;;;;;esqueje;Meta title-TUCAN;Meta keywords-TUCAN;Meta description-TUCAN;;En Stock;Reserva disponible;0;2023-01-15;2023-01-15;1;;;0;;0;new;0;0;0;0;0;;;;;0;0;0;0;0
90;1;Miosporo;Esqueje;250;1;;0;;;;;E58;;;;;;;;;;;;;;0;162;;;;;;;;;esqueje;Meta title-MIOSPORO;Meta keywords-MIOSPORO;Meta description-MIOSPORO;;En Stock;Reserva disponible;0;2023-01-15;2023-01-15;1;;;0;;0;new;0;0;0;0;0;;;;;0;0;0;0;0
91;1;Ligustrina;Esqueje;250;1;;0;;;;;E60;;;;;;;;;;;;;;0;162;;;;;;;;;esqueje;Meta title-LIGUSTRINA;Meta keywords-LIGUSTRINA;Meta description-LIGUSTRINA;;En Stock;Reserva disponible;0;2023-01-15;2023-01-15;1;;;0;;0;new;0;0;0;0;0;;;;;0;0;0;0;0
92;1;Laurentina;Esqueje;500;1;;0;;;;;E59;;;;;;;;;;;;;;0;162;;;;;;;;;esqueje;Meta title-LAURENTINA;Meta keywords-LAURENTINA;Meta description-LAURENTINA;;En Stock;Reserva disponible;0;2023-01-15;2023-01-15;1;;;0;;0;new;0;0;0;0;0;;;;;0;0;0;0;0
210;1;Malva De Cerro;Esqueje;168;1;;0;;;;;E61;;;;;;;;;;;;;;0;162;;;;;;;;;esqueje;Meta title-MALVA DE CERRO;Meta keywords-MALVA DE CERRO;Meta description-MALVA DE CERRO;;En Stock;Reserva disponible;0;2023-01-15;2023-01-15;1;;;0;;0;new;0;0;0;0;0;;;;;0;0;0;0;0
211;1;Cerato Stigma;Esqueje;168;1;;0;;;;;E62;;;;;;;;;;;;;;0;162;;;;;;;;;esqueje;Meta title-CERATO STIGMA;Meta keywords-CERATO STIGMA;Meta description-CERATO STIGMA;;En Stock;Reserva disponible;0;2023-01-15;2023-01-15;1;;;0;;0;new;0;0;0;0;0;;;;;0;0;0;0;0
212;1;Pichiromero;Esqueje;168;1;;0;;;;;E63;;;;;;;;;;;;;;0;162;;;;;;;;;esqueje;Meta title-PICHIROMERO;Meta keywords-PICHIROMERO;Meta description-PICHIROMERO;;En Stock;Reserva disponible;0;2023-01-15;2023-01-15;1;;;0;;0;new;0;0;0;0;0;;;;;0;0;0;0;0
213;1;Espanto;Esqueje;168;1;;0;;;;;E64;;;;;;;;;;;;;;0;162;;;;;;;;;esqueje;Meta title-ESPANTO;Meta keywords-ESPANTO;Meta description-ESPANTO;;En Stock;Reserva disponible;0;2023-01-15;2023-01-15;1;;;0;;0;new;0;0;0;0;0;;;;;0;0;0;0;0
214;1;Oreganillo;Esqueje;168;1;;0;;;;;E65;;;;;;;;;;;;;;0;162;;;;;;;;;esqueje;Meta title-OREGANILLO;Meta keywords-OREGANILLO;Meta description-OREGANILLO;;En Stock;Reserva disponible;0;2023-01-15;2023-01-15;1;;;0;;0;new;0;0;0;0;0;;;;;0;0;0;0;0
215;1;Trasdescantia;Esqueje;168;1;;0;;;;;E66;;;;;;;;;;;;;;0;162;;;;;;;;;esqueje;Meta title-TRASDESCANTIA;Meta keywords-TRASDESCANTIA;Meta description-TRASDESCANTIA;;En Stock;Reserva disponible;0;2023-01-15;2023-01-15;1;;;0;;0;new;0;0;0;0;0;;;;;0;0;0;0;0
216;1;Cuphea Aquepirlala;Esqueje;168;1;;0;;;;;E67;;;;;;;;;;;;;;0;162;;;;;;;;;esqueje;Meta title-CUPHEA AQUEPIRLALA;Meta keywords-CUPHEA AQUEPIRLALA;Meta description-CUPHEA AQUEPIRLALA;;En Stock;Reserva disponible;0;2023-01-15;2023-01-15;1;;;0;;0;new;0;0;0;0;0;;;;;0;0;0;0;0
221;1;Salvia Malla;Esqueje;330;1;;0;;;;;E101;;;;;;;;;;;;;;0;162;;;;;;;;;esqueje;Meta title-SALVIA MALLA;Meta keywords-SALVIA MALLA;Meta description-SALVIA MALLA;;En Stock;Reserva disponible;0;2023-01-15;2023-01-15;1;;;0;;0;new;0;0;0;0;0;;;;;0;0;0;0;0
224;1;Lavanda Stoecha Morada;Esqueje;300;1;;0;;;;;E102;;;;;;;;;;;;;;0;162;;;;;;;;;esqueje;Meta title-LAVANDA STOECHA MORADA;Meta keywords-LAVANDA STOECHA MORADA;Meta description-LAVANDA STOECHA MORADA;;En Stock;Reserva disponible;0;2023-01-15;2023-01-15;1;;;0;;0;new;0;0;0;0;0;;;;;0;0;0;0;0
228;1;Abelia Variegado;Esqueje;350;1;;0;;;;;E103;;;;;;;;;;;;;;0;162;;;;;;;;;esqueje;Meta title-ABELIA VARIEGADO;Meta keywords-ABELIA VARIEGADO;Meta description-ABELIA VARIEGADO;;En Stock;Reserva disponible;0;2023-01-15;2023-01-15;1;;;0;;0;new;0;0;0;0;0;;;;;0;0;0;0;0
232;1;Veronica Cuphea Blanca;Esqueje;320;1;;0;;;;;E104;;;;;;;;;;;;;;0;162;;;;;;;;;esqueje;Meta title-VERONICA CUPHEA BLANCA;Meta keywords-VERONICA CUPHEA BLANCA;Meta description-VERONICA CUPHEA BLANCA;;En Stock;Reserva disponible;0;2023-01-15;2023-01-15;1;;;0;;0;new;0;0;0;0;0;;;;;0;0;0;0;0
233;1;Veronica Cuphea Fucsia;Esqueje;320;1;;0;;;;;E105;;;;;;;;;;;;;;0;162;;;;;;;;;esqueje;Meta title-VERONICA CUPHEA FUCSIA;Meta keywords-VERONICA CUPHEA FUCSIA;Meta description-VERONICA CUPHEA FUCSIA;;En Stock;Reserva disponible;0;2023-01-15;2023-01-15;1;;;0;;0;new;0;0;0;0;0;;;;;0;0;0;0;0
237;1;Hiedra Cardenal Rosado;Esqueje;400;1;;0;;;;;E106;;;;;;;;;;;;;;0;162;;;;;;;;;esqueje;Meta title-HIEDRA CARDENAL ROSADO;Meta keywords-HIEDRA CARDENAL ROSADO;Meta description-HIEDRA CARDENAL ROSADO;;En Stock;Reserva disponible;0;2023-01-15;2023-01-15;1;;;0;;0;new;0;0;0;0;0;;;;;0;0;0;0;0
243;1;Lavandula Blue Spear;Esqueje;102;1;;0;;;;;E107;;;;;;;;;;;;;;0;162;;;;;;;;;esqueje;Meta title-LAVANDULA BLUE SPEAR;Meta keywords-LAVANDULA BLUE SPEAR;Meta description-LAVANDULA BLUE SPEAR;;En Stock;Reserva disponible;0;2023-01-15;2023-01-15;1;;;0;;0;new;0;0;0;0;0;;;;;0;0;0;0;0
254;1;Ruda;Esqueje;86;1;;0;;;;;E108;;;;;;;;;;;;;;0;162;;;;;;;;;esqueje;Meta title-RUDA;Meta keywords-RUDA;Meta description-RUDA;;En Stock;Reserva disponible;0;2023-01-15;2023-01-15;1;;;0;;0;new;0;0;0;0;0;;;;;0;0;0;0;0
262;1;Pennisetum Rupeliano;Esqueje;200;1;;0;;;;;E109;;;;;;;;;;;;;;0;162;;;;;;;;;esqueje;Meta title-PENNISETUM RUPELIANO;Meta keywords-PENNISETUM RUPELIANO;Meta description-PENNISETUM RUPELIANO;;En Stock;Reserva disponible;0;2023-01-15;2023-01-15;1;;;0;;0;new;0;0;0;0;0;;;;;0;0;0;0;0
266;1;Laurel De Flor Enano;Esqueje;300;1;;0;;;;;E110;;;;;;;;;;;;;;0;162;;;;;;;;;esqueje;Meta title-LAUREL DE FLOR ENANO;Meta keywords-LAUREL DE FLOR ENANO;Meta description-LAUREL DE FLOR ENANO;;En Stock;Reserva disponible;0;2023-01-15;2023-01-15;1;;;0;;0;new;0;0;0;0;0;;;;;0;0;0;0;0
267;1;Jazmin Helice;Esqueje;1000;1;;0;;;;;E111;;;;;;;;;;;;;;0;162;;;;;;;;;esqueje;Meta title-JAZMIN HELICE;Meta keywords-JAZMIN HELICE;Meta description-JAZMIN HELICE;;En Stock;Reserva disponible;0;2023-01-15;2023-01-15;1;;;0;;0;new;0;0;0;0;0;;;;;0;0;0;0;0
268;1;Pitosporo Nigricans;Esqueje;360;1;;0;;;;;E112;;;;;;;;;;;;;;0;162;;;;;;;;;esqueje;Meta title-PITOSPORO NIGRICANS;Meta keywords-PITOSPORO NIGRICANS;Meta description-PITOSPORO NIGRICANS;;En Stock;Reserva disponible;0;2023-01-15;2023-01-15;1;;;0;;0;new;0;0;0;0;0;;;;;0;0;0;0;0
271;1;Coprosma Rojo;Esqueje;350;1;;0;;;;;E113;;;;;;;;;;;;;;0;162;;;;;;;;;esqueje;Meta title-COPROSMA ROJO;Meta keywords-COPROSMA ROJO;Meta description-COPROSMA ROJO;;En Stock;Reserva disponible;0;2023-01-15;2023-01-15;1;;;0;;0;new;0;0;0;0;0;;;;;0;0;0;0;0
272;1;Coprosma Rosada;Esqueje;350;1;;0;;;;;E114;;;;;;;;;;;;;;0;162;;;;;;;;;esqueje;Meta title-COPROSMA ROSADA;Meta keywords-COPROSMA ROSADA;Meta description-COPROSMA ROSADA;;En Stock;Reserva disponible;0;2023-01-15;2023-01-15;1;;;0;;0;new;0;0;0;0;0;;;;;0;0;0;0;0
273;1;Coprosma Kiski;Esqueje;350;1;;0;;;;;E115;;;;;;;;;;;;;;0;162;;;;;;;;;esqueje;Meta title-COPROSMA KISKI;Meta keywords-COPROSMA KISKI;Meta description-COPROSMA KISKI;;En Stock;Reserva disponible;0;2023-01-15;2023-01-15;1;;;0;;0;new;0;0;0;0;0;;;;;0;0;0;0;0
290;1;Osteospermum Mix;Esqueje;310;1;;0;;;;;E116;;;;;;;;;;;;;;0;162;;;;;;;;;esqueje;Meta title-OSTEOSPERMUM MIX;Meta keywords-OSTEOSPERMUM MIX;Meta description-OSTEOSPERMUM MIX;;En Stock;Reserva disponible;0;2023-01-15;2023-01-15;1;;;0;;0;new;0;0;0;0;0;;;;;0;0;0;0;0
291;1;Osteospermim Sunset Chade;Esqueje;310;1;;0;;;;;E117;;;;;;;;;;;;;;0;162;;;;;;;;;esqueje;Meta title-OSTEOSPERMIM SUNSET CHADE;Meta keywords-OSTEOSPERMIM SUNSET CHADE;Meta description-OSTEOSPERMIM SUNSET CHADE;;En Stock;Reserva disponible;0;2023-01-15;2023-01-15;1;;;0;;0;new;0;0;0;0;0;;;;;0;0;0;0;0
299;1;Coprosma Variegado;Esqueje;0;1;;0;;;;;E118;;;;;;;;;;;;;;0;162;;;;;;;;;esqueje;Meta title-COPROSMA VARIEGADO;Meta keywords-COPROSMA VARIEGADO;Meta description-COPROSMA VARIEGADO;;En Stock;Reserva disponible;0;2023-01-15;2023-01-15;1;;;0;;0;new;0;0;0;0;0;;;;;0;0;0;0;0
301;1;Laurel De Flor;Esqueje;0;1;;0;;;;;E119;;;;;;;;;;;;;;0;162;;;;;;;;;esqueje;Meta title-LAUREL DE FLOR;Meta keywords-LAUREL DE FLOR;Meta description-LAUREL DE FLOR;;En Stock;Reserva disponible;0;2023-01-15;2023-01-15;1;;;0;;0;new;0;0;0;0;0;;;;;0;0;0;0;0
303;1;Veronica Westringia;Esqueje;300;1;;0;;;;;E120;;;;;;;;;;;;;;0;162;;;;;;;;;esqueje;Meta title-VERONICA WESTRINGIA;Meta keywords-VERONICA WESTRINGIA;Meta description-VERONICA WESTRINGIA;;En Stock;Reserva disponible;0;2023-01-15;2023-01-15;1;;;0;;0;new;0;0;0;0;0;;;;;0;0;0;0;0
304;1;Polygala;Esqueje;350;1;;0;;;;;E121;;;;;;;;;;;;;;0;162;;;;;;;;;esqueje;Meta title-POLYGALA;Meta keywords-POLYGALA;Meta description-POLYGALA;;En Stock;Reserva disponible;0;2023-01-15;2023-01-15;1;;;0;;0;new;0;0;0;0;0;;;;;0;0;0;0;0
305;1;Veronica Compacta;Esqueje;0;1;;0;;;;;E122;;;;;;;;;;;;;;0;162;;;;;;;;;esqueje;Meta title-VERONICA COMPACTA;Meta keywords-VERONICA COMPACTA;Meta description-VERONICA COMPACTA;;En Stock;Reserva disponible;0;2023-01-15;2023-01-15;1;;;0;;0;new;0;0;0;0;0;;;;;0;0;0;0;0
315;1;Cardenal Variegado;Esqueje;300;1;;0;;;;;E123;;;;;;;;;;;;;;0;162;;;;;;;;;esqueje;Meta title-CARDENAL VARIEGADO;Meta keywords-CARDENAL VARIEGADO;Meta description-CARDENAL VARIEGADO;;En Stock;Reserva disponible;0;2023-01-15;2023-01-15;1;;;0;;0;new;0;0;0;0;0;;;;;0;0;0;0;0
316;1;Jazmin Poleanta;Esqueje;300;1;;0;;;;;E124;;;;;;;;;;;;;;0;162;;;;;;;;;esqueje;Meta title-JAZMIN POLEANTA;Meta keywords-JAZMIN POLEANTA;Meta description-JAZMIN POLEANTA;;En Stock;Reserva disponible;0;2023-01-15;2023-01-15;1;;;0;;0;new;0;0;0;0;0;;;;;0;0;0;0;0
317;1;Stenocarpus;Esqueje;0;1;;0;;;;;E125;;;;;;;;;;;;;;0;162;;;;;;;;;esqueje;Meta title-STENOCARPUS;Meta keywords-STENOCARPUS;Meta description-STENOCARPUS;;En Stock;Reserva disponible;0;2023-01-15;2023-01-15;1;;;0;;0;new;0;0;0;0;0;;;;;0;0;0;0;0
326;1;Ficus Repens;Esqueje;330;1;;0;;;;;E00;;;;;;;;;;;;;;0;162;;;;;;;;;esqueje;Meta title-FICUS REPENS;Meta keywords-FICUS REPENS;Meta description-FICUS REPENS;;En Stock;Reserva disponible;0;2023-01-15;2023-01-15;1;;;0;;0;new;0;0;0;0;0;;;;;0;0;0;0;0
327;1;Romero Toscano;Esqueje;320;1;;0;;;;;E126;;;;;;;;;;;;;;0;162;;;;;;;;;esqueje;Meta title-ROMERO TOSCANO;Meta keywords-ROMERO TOSCANO;Meta description-ROMERO TOSCANO;;En Stock;Reserva disponible;0;2023-01-15;2023-01-15;1;;;0;;0;new;0;0;0;0;0;;;;;0;0;0;0;0
331;1;Hortensia;Esqueje;0;1;;0;;;;;E127;;;;;;;;;;;;;;0;162;;;;;;;;;esqueje;Meta title-HORTENSIA;Meta keywords-HORTENSIA;Meta description-HORTENSIA;;En Stock;Reserva disponible;0;2023-01-15;2023-01-15;1;;;0;;0;new;0;0;0;0;0;;;;;0;0;0;0;0
333;1;Crateus;Esqueje;280;1;;0;;;;;E128;;;;;;;;;;;;;;0;162;;;;;;;;;esqueje;Meta title-CRATEUS;Meta keywords-CRATEUS;Meta description-CRATEUS;;En Stock;Reserva disponible;0;2023-01-15;2023-01-15;1;;;0;;0;new;0;0;0;0;0;;;;;0;0;0;0;0
340;1;Abelia Enana;Esqueje;350;1;;0;;;;;E129;;;;;;;;;;;;;;0;162;;;;;;;;;esqueje;Meta title-ABELIA ENANA;Meta keywords-ABELIA ENANA;Meta description-ABELIA ENANA;;En Stock;Reserva disponible;0;2023-01-15;2023-01-15;1;;;0;;0;new;0;0;0;0;0;;;;;0;0;0;0;0
342;1;Abelia Grandiflora;Esqueje;350;1;;0;;;;;E131;;;;;;;;;;;;;;0;162;;;;;;;;;esqueje;Meta title-ABELIA GRANDIFLORA;Meta keywords-ABELIA GRANDIFLORA;Meta description-ABELIA GRANDIFLORA;;En Stock;Reserva disponible;0;2023-01-15;2023-01-15;1;;;0;;0;new;0;0;0;0;0;;;;;0;0;0;0;0
343;1;Cistus Fucsia;Esqueje;0;1;;0;;;;;E132;;;;;;;;;;;;;;0;162;;;;;;;;;esqueje;Meta title-CISTUS FUCSIA;Meta keywords-CISTUS FUCSIA;Meta description-CISTUS FUCSIA;;En Stock;Reserva disponible;0;2023-01-15;2023-01-15;1;;;0;;0;new;0;0;0;0;0;;;;;0;0;0;0;0
344;1;Libonia (fosforito);Esqueje;300;1;;0;;;;;E133;;;;;;;;;;;;;;0;162;;;;;;;;;esqueje;Meta title-LIBONIA (FOSFORITO);Meta keywords-LIBONIA (FOSFORITO);Meta description-LIBONIA (FOSFORITO);;En Stock;Reserva disponible;0;2023-01-15;2023-01-15;1;;;0;;0;new;0;0;0;0;0;;;;;0;0;0;0;0
345;1;Coleonema;Esqueje;0;1;;0;;;;;E134;;;;;;;;;;;;;;0;162;;;;;;;;;esqueje;Meta title-COLEONEMA;Meta keywords-COLEONEMA;Meta description-COLEONEMA;;En Stock;Reserva disponible;0;2023-01-15;2023-01-15;1;;;0;;0;new;0;0;0;0;0;;;;;0;0;0;0;0
347;1;Diosma Ericoides (rosado);Esqueje;800;1;;0;;;;;E135;;;;;;;;;;;;;;0;162;;;;;;;;;esqueje;Meta title-DIOSMA ERICOIDES (ROSADO);Meta keywords-DIOSMA ERICOIDES (ROSADO);Meta description-DIOSMA ERICOIDES (ROSADO);;En Stock;Reserva disponible;0;2023-01-15;2023-01-15;1;;;0;;0;new;0;0;0;0;0;;;;;0;0;0;0;0
348;1;Diosma Ericoides (amarillo);Esqueje;800;1;;0;;;;;E136;;;;;;;;;;;;;;0;162;;;;;;;;;esqueje;Meta title-DIOSMA ERICOIDES (AMARILLO);Meta keywords-DIOSMA ERICOIDES (AMARILLO);Meta description-DIOSMA ERICOIDES (AMARILLO);;En Stock;Reserva disponible;0;2023-01-15;2023-01-15;1;;;0;;0;new;0;0;0;0;0;;;;;0;0;0;0;0
349;1;Salvia Jamensis Mix;Esqueje;300;1;;0;;;;;E137;;;;;;;;;;;;;;0;162;;;;;;;;;esqueje;Meta title-SALVIA JAMENSIS MIX;Meta keywords-SALVIA JAMENSIS MIX;Meta description-SALVIA JAMENSIS MIX;;En Stock;Reserva disponible;0;2023-01-15;2023-01-15;1;;;0;;0;new;0;0;0;0;0;;;;;0;0;0;0;0
352;1;Primula;Esqueje;0;1;;0;;;;;E138;;;;;;;;;;;;;;0;162;;;;;;;;;esqueje;Meta title-PRIMULA;Meta keywords-PRIMULA;Meta description-PRIMULA;;En Stock;Reserva disponible;0;2023-01-15;2023-01-15;1;;;0;;0;new;0;0;0;0;0;;;;;0;0;0;0;0
357;1;Argyranthemum- Argirantemo;Esqueje;320;1;;0;;;;;E139;;;;;;;;;;;;;;0;162;;;;;;;;;esqueje;Meta title-ARGYRANTHEMUM/ ARGIRANTEMO;Meta keywords-ARGYRANTHEMUM/ ARGIRANTEMO;Meta description-ARGYRANTHEMUM/ ARGIRANTEMO;;En Stock;Reserva disponible;0;2023-01-15;2023-01-15;1;;;0;;0;new;0;0;0;0;0;;;;;0;0;0;0;0
368;1;Ligustro Compacto;Esqueje;250;1;;0;;;;;E140;;;;;;;;;;;;;;0;162;;;;;;;;;esqueje;Meta title-LIGUSTRO COMPACTO;Meta keywords-LIGUSTRO COMPACTO;Meta description-LIGUSTRO COMPACTO;;En Stock;Reserva disponible;0;2023-01-15;2023-01-15;1;;;0;;0;new;0;0;0;0;0;;;;;0;0;0;0;0
376;1;Vinca Major;Esqueje;200;1;;0;;;;;E141;;;;;;;;;;;;;;0;162;;;;;;;;;esqueje;Meta title-VINCA MAJOR;Meta keywords-VINCA MAJOR;Meta description-VINCA MAJOR;;En Stock;Reserva disponible;0;2023-01-15;2023-01-15;1;;;0;;0;new;0;0;0;0;0;;;;;0;0;0;0;0
377;1;Helecho Nephrolepis;Esqueje;300;1;;0;;;;;E142;;;;;;;;;;;;;;0;162;;;;;;;;;esqueje;Meta title-HELECHO NEPHROLEPIS;Meta keywords-HELECHO NEPHROLEPIS;Meta description-HELECHO NEPHROLEPIS;;En Stock;Reserva disponible;0;2023-01-15;2023-01-15;1;;;0;;0;new;0;0;0;0;0;;;;;0;0;0;0;0
378;1;Vitadinia;Esqueje;100;1;;0;;;;;E143;;;;;;;;;;;;;;0;162;;;;;;;;;esqueje;Meta title-VITADINIA;Meta keywords-VITADINIA;Meta description-VITADINIA;;En Stock;Reserva disponible;0;2023-01-15;2023-01-15;1;;;0;;0;new;0;0;0;0;0;;;;;0;0;0;0;0
379;1;Stipa Caudata;Esqueje;170;1;;0;;;;;E144;;;;;;;;;;;;;;0;162;;;;;;;;;esqueje;Meta title-STIPA CAUDATA;Meta keywords-STIPA CAUDATA;Meta description-STIPA CAUDATA;;En Stock;Reserva disponible;0;2023-01-15;2023-01-15;1;;;0;;0;new;0;0;0;0;0;;;;;0;0;0;0;0
93;1;Dhalia Figaro;Semilla;78;1;;0;;;;;S44;;;;;;;;;;;;;;0;162;;;;;;;;;semilla;Meta title-DHALIA FIGARO;Meta keywords-DHALIA FIGARO;Meta description-DHALIA FIGARO;;En Stock;Reserva disponible;0;2023-01-15;2023-01-15;1;;;0;;0;new;0;0;0;0;0;;;;;0;0;0;0;0
94;1;Lavandula Blue Spear;Semilla;102;1;;0;;;;;S106;;;;;;;;;;;;;;0;162;;;;;;;;;semilla;Meta title-LAVANDULA BLUE SPEAR;Meta keywords-LAVANDULA BLUE SPEAR;Meta description-LAVANDULA BLUE SPEAR;;En Stock;Reserva disponible;0;2023-01-15;2023-01-15;1;;;0;;0;new;0;0;0;0;0;;;;;0;0;0;0;0
95;1;Lavandula Ellagance;Semilla;96;1;;0;;;;;S107;;;;;;;;;;;;;;0;162;;;;;;;;;semilla;Meta title-LAVANDULA ELLAGANCE;Meta keywords-LAVANDULA ELLAGANCE;Meta description-LAVANDULA ELLAGANCE;;En Stock;Reserva disponible;0;2023-01-15;2023-01-15;1;;;0;;0;new;0;0;0;0;0;;;;;0;0;0;0;0
96;1;Pansy Matrix;Semilla;126;1;;0;;;;;S133;;;;;;;;;;;;;;0;162;;;;;;;;;semilla;Meta title-PANSY MATRIX;Meta keywords-PANSY MATRIX;Meta description-PANSY MATRIX;;En Stock;Reserva disponible;0;2023-01-15;2023-01-15;1;;;0;;0;new;0;0;0;0;0;;;;;0;0;0;0;0
97;1;Primma Prima (primula);Semilla;165;1;;0;;;;;S152;;;;;;;;;;;;;;0;162;;;;;;;;;semilla;Meta title-PRIMMA PRIMA (PRIMULA);Meta keywords-PRIMMA PRIMA (PRIMULA);Meta description-PRIMMA PRIMA (PRIMULA);;En Stock;Reserva disponible;0;2023-01-15;2023-01-15;1;;;0;;0;new;0;0;0;0;0;;;;;0;0;0;0;0
98;1;Primac Danova (primula);Semilla;131;1;;0;;;;;S150;;;;;;;;;;;;;;0;162;;;;;;;;;semilla;Meta title-PRIMAC DANOVA (PRIMULA);Meta keywords-PRIMAC DANOVA (PRIMULA);Meta description-PRIMAC DANOVA (PRIMULA);;En Stock;Reserva disponible;0;2023-01-15;2023-01-15;1;;;0;;0;new;0;0;0;0;0;;;;;0;0;0;0;0
99;1;Begonia Senator;Semilla;130;1;;0;;;;;S16;;;;;;;;;;;;;;0;162;;;;;;;;;semilla;Meta title-BEGONIA SENATOR;Meta keywords-BEGONIA SENATOR;Meta description-BEGONIA SENATOR;;En Stock;Reserva disponible;0;2023-01-15;2023-01-15;1;;;0;;0;new;0;0;0;0;0;;;;;0;0;0;0;0
100;1;Alyssum Clear Cristal;Semilla;60;1;;0;;;;;S02;;;;;;;;;;;;;;0;162;;;;;;;;;semilla;Meta title-ALYSSUM CLEAR CRISTAL;Meta keywords-ALYSSUM CLEAR CRISTAL;Meta description-ALYSSUM CLEAR CRISTAL;;En Stock;Reserva disponible;0;2023-01-15;2023-01-15;1;;;0;;0;new;0;0;0;0;0;;;;;0;0;0;0;0
101;1;Alyssum Easter Bonnet;Semilla;69;1;;0;;;;;S03;;;;;;;;;;;;;;0;162;;;;;;;;;semilla;Meta title-ALYSSUM EASTER BONNET;Meta keywords-ALYSSUM EASTER BONNET;Meta description-ALYSSUM EASTER BONNET;;En Stock;Reserva disponible;0;2023-01-15;2023-01-15;1;;;0;;0;new;0;0;0;0;0;;;;;0;0;0;0;0
102;1;Alyssum Snow Crystal;Semilla;80;1;;0;;;;;S04;;;;;;;;;;;;;;0;162;;;;;;;;;semilla;Meta title-ALYSSUM SNOW CRYSTAL;Meta keywords-ALYSSUM SNOW CRYSTAL;Meta description-ALYSSUM SNOW CRYSTAL;;En Stock;Reserva disponible;0;2023-01-15;2023-01-15;1;;;0;;0;new;0;0;0;0;0;;;;;0;0;0;0;0
103;1;Alyssum Wonderland;Semilla;64;1;;0;;;;;S05;;;;;;;;;;;;;;0;162;;;;;;;;;semilla;Meta title-ALYSSUM WONDERLAND;Meta keywords-ALYSSUM WONDERLAND;Meta description-ALYSSUM WONDERLAND;;En Stock;Reserva disponible;0;2023-01-15;2023-01-15;1;;;0;;0;new;0;0;0;0;0;;;;;0;0;0;0;0
104;1;Aquilegia Earlybird;Semilla;188;1;;0;;;;;S07;;;;;;;;;;;;;;0;162;;;;;;;;;semilla;Meta title-AQUILEGIA EARLYBIRD;Meta keywords-AQUILEGIA EARLYBIRD;Meta description-AQUILEGIA EARLYBIRD;;En Stock;Reserva disponible;0;2023-01-15;2023-01-15;1;;;0;;0;new;0;0;0;0;0;;;;;0;0;0;0;0
105;1;Arabis Barranca;Semilla;84;1;;0;;;;;S08;;;;;;;;;;;;;;0;162;;;;;;;;;semilla;Meta title-ARABIS BARRANCA;Meta keywords-ARABIS BARRANCA;Meta description-ARABIS BARRANCA;;En Stock;Reserva disponible;0;2023-01-15;2023-01-15;1;;;0;;0;new;0;0;0;0;0;;;;;0;0;0;0;0
106;1;Bacopa Blutopia-pinktopia-snowtopia;Semilla;181;1;;0;;;;;S10;;;;;;;;;;;;;;0;162;;;;;;;;;semilla;Meta title-BACOPA BLUTOPIA/PINKTOPIA/SNOWTOPIA;Meta keywords-BACOPA BLUTOPIA/PINKTOPIA/SNOWTOPIA;Meta description-BACOPA BLUTOPIA/PINKTOPIA/SNOWTOPIA;;En Stock;Reserva disponible;0;2023-01-15;2023-01-15;1;;;0;;0;new;0;0;0;0;0;;;;;0;0;0;0;0
107;1;Bacopa Fuseables Utopia;Semilla;214;1;;0;;;;;S11;;;;;;;;;;;;;;0;162;;;;;;;;;semilla;Meta title-BACOPA FUSEABLES UTOPIA;Meta keywords-BACOPA FUSEABLES UTOPIA;Meta description-BACOPA FUSEABLES UTOPIA;;En Stock;Reserva disponible;0;2023-01-15;2023-01-15;1;;;0;;0;new;0;0;0;0;0;;;;;0;0;0;0;0
108;1;Begonia Ambassador;Semilla;130;1;;0;;;;;S12;;;;;;;;;;;;;;0;162;;;;;;;;;semilla;Meta title-BEGONIA AMBASSADOR;Meta keywords-BEGONIA AMBASSADOR;Meta description-BEGONIA AMBASSADOR;;En Stock;Reserva disponible;0;2023-01-15;2023-01-15;1;;;0;;0;new;0;0;0;0;0;;;;;0;0;0;0;0
109;1;Begonia Baby Wing;Semilla;214;1;;0;;;;;S13;;;;;;;;;;;;;;0;162;;;;;;;;;semilla;Meta title-BEGONIA BABY WING;Meta keywords-BEGONIA BABY WING;Meta description-BEGONIA BABY WING;;En Stock;Reserva disponible;0;2023-01-15;2023-01-15;1;;;0;;0;new;0;0;0;0;0;;;;;0;0;0;0;0
110;1;Begonia Dragon Wing;Semilla;225;1;;0;;;;;S14;;;;;;;;;;;;;;0;162;;;;;;;;;semilla;Meta title-BEGONIA DRAGON WING;Meta keywords-BEGONIA DRAGON WING;Meta description-BEGONIA DRAGON WING;;En Stock;Reserva disponible;0;2023-01-15;2023-01-15;1;;;0;;0;new;0;0;0;0;0;;;;;0;0;0;0;0
111;1;Begonia Megawatt;Semilla;257;1;;0;;;;;S15;;;;;;;;;;;;;;0;162;;;;;;;;;semilla;Meta title-BEGONIA MEGAWATT;Meta keywords-BEGONIA MEGAWATT;Meta description-BEGONIA MEGAWATT;;En Stock;Reserva disponible;0;2023-01-15;2023-01-15;1;;;0;;0;new;0;0;0;0;0;;;;;0;0;0;0;0
112;1;Begonia Sprint Plus;Semilla;107;1;;0;;;;;S17;;;;;;;;;;;;;;0;162;;;;;;;;;semilla;Meta title-BEGONIA SPRINT PLUS;Meta keywords-BEGONIA SPRINT PLUS;Meta description-BEGONIA SPRINT PLUS;;En Stock;Reserva disponible;0;2023-01-15;2023-01-15;1;;;0;;0;new;0;0;0;0;0;;;;;0;0;0;0;0
113;1;Begonia Tub Amerih;Semilla;214;1;;0;;;;;S18;;;;;;;;;;;;;;0;162;;;;;;;;;semilla;Meta title-BEGONIA TUB AMERIH;Meta keywords-BEGONIA TUB AMERIH;Meta description-BEGONIA TUB AMERIH;;En Stock;Reserva disponible;0;2023-01-15;2023-01-15;1;;;0;;0;new;0;0;0;0;0;;;;;0;0;0;0;0
114;1;Begonia Tub Funky;Semilla;236;1;;0;;;;;S19;;;;;;;;;;;;;;0;162;;;;;;;;;semilla;Meta title-BEGONIA TUB FUNKY;Meta keywords-BEGONIA TUB FUNKY;Meta description-BEGONIA TUB FUNKY;;En Stock;Reserva disponible;0;2023-01-15;2023-01-15;1;;;0;;0;new;0;0;0;0;0;;;;;0;0;0;0;0
115;1;Begonia Tub Nonstop;Semilla;187;1;;0;;;;;S20;;;;;;;;;;;;;;0;162;;;;;;;;;semilla;Meta title-BEGONIA TUB NONSTOP;Meta keywords-BEGONIA TUB NONSTOP;Meta description-BEGONIA TUB NONSTOP;;En Stock;Reserva disponible;0;2023-01-15;2023-01-15;1;;;0;;0;new;0;0;0;0;0;;;;;0;0;0;0;0
116;1;Begonia Tub On Top;Semilla;136;1;;0;;;;;S21;;;;;;;;;;;;;;0;162;;;;;;;;;semilla;Meta title-BEGONIA TUB ON TOP;Meta keywords-BEGONIA TUB ON TOP;Meta description-BEGONIA TUB ON TOP;;En Stock;Reserva disponible;0;2023-01-15;2023-01-15;1;;;0;;0;new;0;0;0;0;0;;;;;0;0;0;0;0
117;1;Bellis Bellissima;Semilla;88;1;;0;;;;;S22;;;;;;;;;;;;;;0;162;;;;;;;;;semilla;Meta title-BELLIS BELLISSIMA;Meta keywords-BELLIS BELLISSIMA;Meta description-BELLIS BELLISSIMA;;En Stock;Reserva disponible;0;2023-01-15;2023-01-15;1;;;0;;0;new;0;0;0;0;0;;;;;0;0;0;0;0
118;1;Bellis Habanera;Semilla;84;1;;0;;;;;S23;;;;;;;;;;;;;;0;162;;;;;;;;;semilla;Meta title-BELLIS HABANERA;Meta keywords-BELLIS HABANERA;Meta description-BELLIS HABANERA;;En Stock;Reserva disponible;0;2023-01-15;2023-01-15;1;;;0;;0;new;0;0;0;0;0;;;;;0;0;0;0;0
119;1;Calendula Bon Bon;Semilla;104;1;;0;;;;;S24;;;;;;;;;;;;;;0;162;;;;;;;;;semilla;Meta title-CALENDULA BON BON;Meta keywords-CALENDULA BON BON;Meta description-CALENDULA BON BON;;En Stock;Reserva disponible;0;2023-01-15;2023-01-15;1;;;0;;0;new;0;0;0;0;0;;;;;0;0;0;0;0
120;1;Campanula Campanella;Semilla;136;1;;0;;;;;S28;;;;;;;;;;;;;;0;162;;;;;;;;;semilla;Meta title-CAMPANULA CAMPANELLA;Meta keywords-CAMPANULA CAMPANELLA;Meta description-CAMPANULA CAMPANELLA;;En Stock;Reserva disponible;0;2023-01-15;2023-01-15;1;;;0;;0;new;0;0;0;0;0;;;;;0;0;0;0;0
121;1;Celosia Concertina;Semilla;109;1;;0;;;;;S30;;;;;;;;;;;;;;0;162;;;;;;;;;semilla;Meta title-CELOSIA CONCERTINA;Meta keywords-CELOSIA CONCERTINA;Meta description-CELOSIA CONCERTINA;;En Stock;Reserva disponible;0;2023-01-15;2023-01-15;1;;;0;;0;new;0;0;0;0;0;;;;;0;0;0;0;0
122;1;Celosia Dracula;Semilla;156;1;;0;;;;;S31;;;;;;;;;;;;;;0;162;;;;;;;;;semilla;Meta title-CELOSIA DRACULA;Meta keywords-CELOSIA DRACULA;Meta description-CELOSIA DRACULA;;En Stock;Reserva disponible;0;2023-01-15;2023-01-15;1;;;0;;0;new;0;0;0;0;0;;;;;0;0;0;0;0
123;1;Celosia First Flame;Semilla;71;1;;0;;;;;S32;;;;;;;;;;;;;;0;162;;;;;;;;;semilla;Meta title-CELOSIA FIRST FLAME;Meta keywords-CELOSIA FIRST FLAME;Meta description-CELOSIA FIRST FLAME;;En Stock;Reserva disponible;0;2023-01-15;2023-01-15;1;;;0;;0;new;0;0;0;0;0;;;;;0;0;0;0;0
124;1;Celosia Ice Cream;Semilla;71;1;;0;;;;;S33;;;;;;;;;;;;;;0;162;;;;;;;;;semilla;Meta title-CELOSIA ICE CREAM;Meta keywords-CELOSIA ICE CREAM;Meta description-CELOSIA ICE CREAM;;En Stock;Reserva disponible;0;2023-01-15;2023-01-15;1;;;0;;0;new;0;0;0;0;0;;;;;0;0;0;0;0
125;1;Celosia Kimono;Semilla;71;1;;0;;;;;S34;;;;;;;;;;;;;;0;162;;;;;;;;;semilla;Meta title-CELOSIA KIMONO;Meta keywords-CELOSIA KIMONO;Meta description-CELOSIA KIMONO;;En Stock;Reserva disponible;0;2023-01-15;2023-01-15;1;;;0;;0;new;0;0;0;0;0;;;;;0;0;0;0;0
126;1;Coleus Kong;Semilla;167;1;;0;;;;;S35;;;;;;;;;;;;;;0;162;;;;;;;;;semilla;Meta title-COLEUS KONG;Meta keywords-COLEUS KONG;Meta description-COLEUS KONG;;En Stock;Reserva disponible;0;2023-01-15;2023-01-15;1;;;0;;0;new;0;0;0;0;0;;;;;0;0;0;0;0
127;1;Coleus Prem Sun Choc Cov Chry;Semilla;167;1;;0;;;;;S36;;;;;;;;;;;;;;0;162;;;;;;;;;semilla;Meta title-COLEUS PREM SUN CHOC COV CHRY;Meta keywords-COLEUS PREM SUN CHOC COV CHRY;Meta description-COLEUS PREM SUN CHOC COV CHRY;;En Stock;Reserva disponible;0;2023-01-15;2023-01-15;1;;;0;;0;new;0;0;0;0;0;;;;;0;0;0;0;0
128;1;Coleus Wizard;Semilla;72;1;;0;;;;;S37;;;;;;;;;;;;;;0;162;;;;;;;;;semilla;Meta title-COLEUS WIZARD;Meta keywords-COLEUS WIZARD;Meta description-COLEUS WIZARD;;En Stock;Reserva disponible;0;2023-01-15;2023-01-15;1;;;0;;0;new;0;0;0;0;0;;;;;0;0;0;0;0
129;1;Coreopsis Grandif Double The Sun;Semilla;94;1;;0;;;;;S38;;;;;;;;;;;;;;0;162;;;;;;;;;semilla;Meta title-COREOPSIS GRANDIF DOUBLE THE SUN;Meta keywords-COREOPSIS GRANDIF DOUBLE THE SUN;Meta description-COREOPSIS GRANDIF DOUBLE THE SUN;;En Stock;Reserva disponible;0;2023-01-15;2023-01-15;1;;;0;;0;new;0;0;0;0;0;;;;;0;0;0;0;0
130;1;Coreopsis Grandif Sunfire;Semilla;94;1;;0;;;;;S39;;;;;;;;;;;;;;0;162;;;;;;;;;semilla;Meta title-COREOPSIS GRANDIF SUNFIRE;Meta keywords-COREOPSIS GRANDIF SUNFIRE;Meta description-COREOPSIS GRANDIF SUNFIRE;;En Stock;Reserva disponible;0;2023-01-15;2023-01-15;1;;;0;;0;new;0;0;0;0;0;;;;;0;0;0;0;0
131;1;Coreopsis Grandif Sunkiss;Semilla;94;1;;0;;;;;S40;;;;;;;;;;;;;;0;162;;;;;;;;;semilla;Meta title-COREOPSIS GRANDIF SUNKISS;Meta keywords-COREOPSIS GRANDIF SUNKISS;Meta description-COREOPSIS GRANDIF SUNKISS;;En Stock;Reserva disponible;0;2023-01-15;2023-01-15;1;;;0;;0;new;0;0;0;0;0;;;;;0;0;0;0;0
132;1;Coreopsis Grandif Early Sunrise;Semilla;86;1;;0;;;;;S41;;;;;;;;;;;;;;0;162;;;;;;;;;semilla;Meta title-COREOPSIS GRANDIF EARLY SUNRISE;Meta keywords-COREOPSIS GRANDIF EARLY SUNRISE;Meta description-COREOPSIS GRANDIF EARLY SUNRISE;;En Stock;Reserva disponible;0;2023-01-15;2023-01-15;1;;;0;;0;new;0;0;0;0;0;;;;;0;0;0;0;0
133;1;Cuphea Ramosissima Pink Shimmer;Semilla;171;1;;0;;;;;S43;;;;;;;;;;;;;;0;162;;;;;;;;;semilla;Meta title-CUPHEA RAMOSISSIMA PINK SHIMMER;Meta keywords-CUPHEA RAMOSISSIMA PINK SHIMMER;Meta description-CUPHEA RAMOSISSIMA PINK SHIMMER;;En Stock;Reserva disponible;0;2023-01-15;2023-01-15;1;;;0;;0;new;0;0;0;0;0;;;;;0;0;0;0;0
134;1;Delphinium Guardian;Semilla;182;1;;0;;;;;S45;;;;;;;;;;;;;;0;162;;;;;;;;;semilla;Meta title-DELPHINIUM GUARDIAN;Meta keywords-DELPHINIUM GUARDIAN;Meta description-DELPHINIUM GUARDIAN;;En Stock;Reserva disponible;0;2023-01-15;2023-01-15;1;;;0;;0;new;0;0;0;0;0;;;;;0;0;0;0;0
135;1;Dianthus Corona;Semilla;133;1;;0;;;;;S46;;;;;;;;;;;;;;0;162;;;;;;;;;semilla;Meta title-DIANTHUS CORONA;Meta keywords-DIANTHUS CORONA;Meta description-DIANTHUS CORONA;;En Stock;Reserva disponible;0;2023-01-15;2023-01-15;1;;;0;;0;new;0;0;0;0;0;;;;;0;0;0;0;0
136;1;Dianthus Dash;Semilla;129;1;;0;;;;;S47;;;;;;;;;;;;;;0;162;;;;;;;;;semilla;Meta title-DIANTHUS DASH;Meta keywords-DIANTHUS DASH;Meta description-DIANTHUS DASH;;En Stock;Reserva disponible;0;2023-01-15;2023-01-15;1;;;0;;0;new;0;0;0;0;0;;;;;0;0;0;0;0
137;1;Dianthus Ideal Select;Semilla;125;1;;0;;;;;S48;;;;;;;;;;;;;;0;162;;;;;;;;;semilla;Meta title-DIANTHUS IDEAL SELECT;Meta keywords-DIANTHUS IDEAL SELECT;Meta description-DIANTHUS IDEAL SELECT;;En Stock;Reserva disponible;0;2023-01-15;2023-01-15;1;;;0;;0;new;0;0;0;0;0;;;;;0;0;0;0;0
138;1;Digitalis Dalmatian;Semilla;107;1;;0;;;;;S49;;;;;;;;;;;;;;0;162;;;;;;;;;semilla;Meta title-DIGITALIS DALMATIAN;Meta keywords-DIGITALIS DALMATIAN;Meta description-DIGITALIS DALMATIAN;;En Stock;Reserva disponible;0;2023-01-15;2023-01-15;1;;;0;;0;new;0;0;0;0;0;;;;;0;0;0;0;0
139;1;Gaillardia Mesa;Semilla;129;1;;0;;;;;S61;;;;;;;;;;;;;;0;162;;;;;;;;;semilla;Meta title-GAILLARDIA MESA;Meta keywords-GAILLARDIA MESA;Meta description-GAILLARDIA MESA;;En Stock;Reserva disponible;0;2023-01-15;2023-01-15;1;;;0;;0;new;0;0;0;0;0;;;;;0;0;0;0;0
140;1;Gaura Sparkle White;Semilla;129;1;;0;;;;;S62;;;;;;;;;;;;;;0;162;;;;;;;;;semilla;Meta title-GAURA SPARKLE WHITE;Meta keywords-GAURA SPARKLE WHITE;Meta description-GAURA SPARKLE WHITE;;En Stock;Reserva disponible;0;2023-01-15;2023-01-15;1;;;0;;0;new;0;0;0;0;0;;;;;0;0;0;0;0
141;1;Gazania Kiss;Semilla;96;1;;0;;;;;S63;;;;;;;;;;;;;;0;162;;;;;;;;;semilla;Meta title-GAZANIA KISS;Meta keywords-GAZANIA KISS;Meta description-GAZANIA KISS;;En Stock;Reserva disponible;0;2023-01-15;2023-01-15;1;;;0;;0;new;0;0;0;0;0;;;;;0;0;0;0;0
142;1;Gazania New Day;Semilla;75;1;;0;;;;;S64;;;;;;;;;;;;;;0;162;;;;;;;;;semilla;Meta title-GAZANIA NEW DAY;Meta keywords-GAZANIA NEW DAY;Meta description-GAZANIA NEW DAY;;En Stock;Reserva disponible;0;2023-01-15;2023-01-15;1;;;0;;0;new;0;0;0;0;0;;;;;0;0;0;0;0
143;1;Gerbera Color Bloom;Semilla;305;1;;0;;;;;S65;;;;;;;;;;;;;;0;162;;;;;;;;;semilla;Meta title-GERBERA COLOR BLOOM;Meta keywords-GERBERA COLOR BLOOM;Meta description-GERBERA COLOR BLOOM;;En Stock;Reserva disponible;0;2023-01-15;2023-01-15;1;;;0;;0;new;0;0;0;0;0;;;;;0;0;0;0;0
144;1;Gerbera Mega Revolution;Semilla;305;1;;0;;;;;S66;;;;;;;;;;;;;;0;162;;;;;;;;;semilla;Meta title-GERBERA MEGA REVOLUTION;Meta keywords-GERBERA MEGA REVOLUTION;Meta description-GERBERA MEGA REVOLUTION;;En Stock;Reserva disponible;0;2023-01-15;2023-01-15;1;;;0;;0;new;0;0;0;0;0;;;;;0;0;0;0;0
145;1;Gerbera Revolution;Semilla;305;1;;0;;;;;S67;;;;;;;;;;;;;;0;162;;;;;;;;;semilla;Meta title-GERBERA REVOLUTION;Meta keywords-GERBERA REVOLUTION;Meta description-GERBERA REVOLUTION;;En Stock;Reserva disponible;0;2023-01-15;2023-01-15;1;;;0;;0;new;0;0;0;0;0;;;;;0;0;0;0;0
146;1;Gloxinia Brocade;Semilla;107;1;;0;;;;;S75;;;;;;;;;;;;;;0;162;;;;;;;;;semilla;Meta title-GLOXINIA BROCADE;Meta keywords-GLOXINIA BROCADE;Meta description-GLOXINIA BROCADE;;En Stock;Reserva disponible;0;2023-01-15;2023-01-15;1;;;0;;0;new;0;0;0;0;0;;;;;0;0;0;0;0
147;1;Gr Carex Color Grass Bronco;Semilla;131;1;;0;;;;;S76;;;;;;;;;;;;;;0;162;;;;;;;;;semilla;Meta title-GR CAREX COLOR GRASS BRONCO;Meta keywords-GR CAREX COLOR GRASS BRONCO;Meta description-GR CAREX COLOR GRASS BRONCO;;En Stock;Reserva disponible;0;2023-01-15;2023-01-15;1;;;0;;0;new;0;0;0;0;0;;;;;0;0;0;0;0
148;1;Gr Carex Color Grass Phoenix Green;Semilla;131;1;;0;;;;;S77;;;;;;;;;;;;;;0;162;;;;;;;;;semilla;Meta title-GR CAREX COLOR GRASS PHOENIX GREEN;Meta keywords-GR CAREX COLOR GRASS PHOENIX GREEN;Meta description-GR CAREX COLOR GRASS PHOENIX GREEN;;En Stock;Reserva disponible;0;2023-01-15;2023-01-15;1;;;0;;0;new;0;0;0;0;0;;;;;0;0;0;0;0
149;1;Gr Festuca Color Grass Festina;Semilla;131;1;;0;;;;;S78;;;;;;;;;;;;;;0;162;;;;;;;;;semilla;Meta title-GR FESTUCA COLOR GRASS FESTINA;Meta keywords-GR FESTUCA COLOR GRASS FESTINA;Meta description-GR FESTUCA COLOR GRASS FESTINA;;En Stock;Reserva disponible;0;2023-01-15;2023-01-15;1;;;0;;0;new;0;0;0;0;0;;;;;0;0;0;0;0
150;1;Gr Juncus Color Grass Blue Dart;Semilla;140;1;;0;;;;;S79;;;;;;;;;;;;;;0;162;;;;;;;;;semilla;Meta title-GR JUNCUS COLOR GRASS BLUE DART;Meta keywords-GR JUNCUS COLOR GRASS BLUE DART;Meta description-GR JUNCUS COLOR GRASS BLUE DART;;En Stock;Reserva disponible;0;2023-01-15;2023-01-15;1;;;0;;0;new;0;0;0;0;0;;;;;0;0;0;0;0
151;1;Gr Juncus Color Grass Twister;Semilla;140;1;;0;;;;;S80;;;;;;;;;;;;;;0;162;;;;;;;;;semilla;Meta title-GR JUNCUS COLOR GRASS TWISTER;Meta keywords-GR JUNCUS COLOR GRASS TWISTER;Meta description-GR JUNCUS COLOR GRASS TWISTER;;En Stock;Reserva disponible;0;2023-01-15;2023-01-15;1;;;0;;0;new;0;0;0;0;0;;;;;0;0;0;0;0
152;1;Gr Stipa Color Grass Pony Tails;Semilla;140;1;;0;;;;;S81;;;;;;;;;;;;;;0;162;;;;;;;;;semilla;Meta title-GR STIPA COLOR GRASS PONY TAILS;Meta keywords-GR STIPA COLOR GRASS PONY TAILS;Meta description-GR STIPA COLOR GRASS PONY TAILS;;En Stock;Reserva disponible;0;2023-01-15;2023-01-15;1;;;0;;0;new;0;0;0;0;0;;;;;0;0;0;0;0
153;1;He Basil Boxwood;Semilla;72;1;;0;;;;;S82;;;;;;;;;;;;;;0;162;;;;;;;;;semilla;Meta title-HE BASIL BOXWOOD;Meta keywords-HE BASIL BOXWOOD;Meta description-HE BASIL BOXWOOD;;En Stock;Reserva disponible;0;2023-01-15;2023-01-15;1;;;0;;0;new;0;0;0;0;0;;;;;0;0;0;0;0
154;1;He Basil Italian Large Leaf;Semilla;69;1;;0;;;;;S83;;;;;;;;;;;;;;0;162;;;;;;;;;semilla;Meta title-HE BASIL ITALIAN LARGE LEAF;Meta keywords-HE BASIL ITALIAN LARGE LEAF;Meta description-HE BASIL ITALIAN LARGE LEAF;;En Stock;Reserva disponible;0;2023-01-15;2023-01-15;1;;;0;;0;new;0;0;0;0;0;;;;;0;0;0;0;0
155;1;He Basil Simplyherbs Trybasil;Semilla;92;1;;0;;;;;S84;;;;;;;;;;;;;;0;162;;;;;;;;;semilla;Meta title-HE BASIL SIMPLYHERBS TRYBASIL;Meta keywords-HE BASIL SIMPLYHERBS TRYBASIL;Meta description-HE BASIL SIMPLYHERBS TRYBASIL;;En Stock;Reserva disponible;0;2023-01-15;2023-01-15;1;;;0;;0;new;0;0;0;0;0;;;;;0;0;0;0;0
156;1;He Chives Onion Ciboulette;Semilla;64;1;;0;;;;;S85;;;;;;;;;;;;;;0;162;;;;;;;;;semilla;Meta title-HE CHIVES ONION CIBOULETTE;Meta keywords-HE CHIVES ONION CIBOULETTE;Meta description-HE CHIVES ONION CIBOULETTE;;En Stock;Reserva disponible;0;2023-01-15;2023-01-15;1;;;0;;0;new;0;0;0;0;0;;;;;0;0;0;0;0
157;1;He Dill Fernleaf Eneldo;Semilla;64;1;;0;;;;;S86;;;;;;;;;;;;;;0;162;;;;;;;;;semilla;Meta title-HE DILL FERNLEAF ENELDO;Meta keywords-HE DILL FERNLEAF ENELDO;Meta description-HE DILL FERNLEAF ENELDO;;En Stock;Reserva disponible;0;2023-01-15;2023-01-15;1;;;0;;0;new;0;0;0;0;0;;;;;0;0;0;0;0
158;1;He Lemon Balm Melisa;Semilla;76;1;;0;;;;;S87;;;;;;;;;;;;;;0;162;;;;;;;;;semilla;Meta title-HE LEMON BALM MELISA;Meta keywords-HE LEMON BALM MELISA;Meta description-HE LEMON BALM MELISA;;En Stock;Reserva disponible;0;2023-01-15;2023-01-15;1;;;0;;0;new;0;0;0;0;0;;;;;0;0;0;0;0
159;1;He Mint Peppermint;Semilla;86;1;;0;;;;;S88;;;;;;;;;;;;;;0;162;;;;;;;;;semilla;Meta title-HE MINT PEPPERMINT;Meta keywords-HE MINT PEPPERMINT;Meta description-HE MINT PEPPERMINT;;En Stock;Reserva disponible;0;2023-01-15;2023-01-15;1;;;0;;0;new;0;0;0;0;0;;;;;0;0;0;0;0
160;1;He Mint Spearmint;Semilla;86;1;;0;;;;;S89;;;;;;;;;;;;;;0;162;;;;;;;;;semilla;Meta title-HE MINT SPEARMINT;Meta keywords-HE MINT SPEARMINT;Meta description-HE MINT SPEARMINT;;En Stock;Reserva disponible;0;2023-01-15;2023-01-15;1;;;0;;0;new;0;0;0;0;0;;;;;0;0;0;0;0
161;1;He Oregano Italian;Semilla;86;1;;0;;;;;S90;;;;;;;;;;;;;;0;162;;;;;;;;;semilla;Meta title-HE OREGANO ITALIAN;Meta keywords-HE OREGANO ITALIAN;Meta description-HE OREGANO ITALIAN;;En Stock;Reserva disponible;0;2023-01-15;2023-01-15;1;;;0;;0;new;0;0;0;0;0;;;;;0;0;0;0;0
162;1;He Rosemary;Semilla;80;1;;0;;;;;S92;;;;;;;;;;;;;;0;162;;;;;;;;;semilla;Meta title-HE ROSEMARY;Meta keywords-HE ROSEMARY;Meta description-HE ROSEMARY;;En Stock;Reserva disponible;0;2023-01-15;2023-01-15;1;;;0;;0;new;0;0;0;0;0;;;;;0;0;0;0;0
163;1;He Rue Graveolens Ruta;Semilla;67;1;;0;;;;;S93;;;;;;;;;;;;;;0;162;;;;;;;;;semilla;Meta title-HE RUE GRAVEOLENS RUTA;Meta keywords-HE RUE GRAVEOLENS RUTA;Meta description-HE RUE GRAVEOLENS RUTA;;En Stock;Reserva disponible;0;2023-01-15;2023-01-15;1;;;0;;0;new;0;0;0;0;0;;;;;0;0;0;0;0
164;1;He Thyme Summer;Semilla;76;1;;0;;;;;S94;;;;;;;;;;;;;;0;162;;;;;;;;;semilla;Meta title-HE THYME SUMMER;Meta keywords-HE THYME SUMMER;Meta description-HE THYME SUMMER;;En Stock;Reserva disponible;0;2023-01-15;2023-01-15;1;;;0;;0;new;0;0;0;0;0;;;;;0;0;0;0;0
165;1;He Thyme Winter;Semilla;76;1;;0;;;;;S95;;;;;;;;;;;;;;0;162;;;;;;;;;semilla;Meta title-HE THYME WINTER;Meta keywords-HE THYME WINTER;Meta description-HE THYME WINTER;;En Stock;Reserva disponible;0;2023-01-15;2023-01-15;1;;;0;;0;new;0;0;0;0;0;;;;;0;0;0;0;0
166;1;Hypoestes Splash Select;Semilla;92;1;;0;;;;;S98;;;;;;;;;;;;;;0;162;;;;;;;;;semilla;Meta title-HYPOESTES SPLASH SELECT;Meta keywords-HYPOESTES SPLASH SELECT;Meta description-HYPOESTES SPLASH SELECT;;En Stock;Reserva disponible;0;2023-01-15;2023-01-15;1;;;0;;0;new;0;0;0;0;0;;;;;0;0;0;0;0
167;1;Impasd Super Elfin Xp;Semilla;80;1;;0;;;;;S101;;;;;;;;;;;;;;0;162;;;;;;;;;semilla;Meta title-IMPASD SUPER ELFIN XP;Meta keywords-IMPASD SUPER ELFIN XP;Meta description-IMPASD SUPER ELFIN XP;;En Stock;Reserva disponible;0;2023-01-15;2023-01-15;1;;;0;;0;new;0;0;0;0;0;;;;;0;0;0;0;0
168;1;Lavandula Ang Lavance;Semilla;96;1;;0;;;;;S103;;;;;;;;;;;;;;0;162;;;;;;;;;semilla;Meta title-LAVANDULA ANG LAVANCE;Meta keywords-LAVANDULA ANG LAVANCE;Meta description-LAVANDULA ANG LAVANCE;;En Stock;Reserva disponible;0;2023-01-15;2023-01-15;1;;;0;;0;new;0;0;0;0;0;;;;;0;0;0;0;0
169;1;Lavandula Avignon Early Blue;Semilla;96;1;;0;;;;;S104;;;;;;;;;;;;;;0;162;;;;;;;;;semilla;Meta title-LAVANDULA AVIGNON EARLY BLUE;Meta keywords-LAVANDULA AVIGNON EARLY BLUE;Meta description-LAVANDULA AVIGNON EARLY BLUE;;En Stock;Reserva disponible;0;2023-01-15;2023-01-15;1;;;0;;0;new;0;0;0;0;0;;;;;0;0;0;0;0
170;1;Lavandula Bandera;Semilla;118;1;;0;;;;;S105;;;;;;;;;;;;;;0;162;;;;;;;;;semilla;Meta title-LAVANDULA BANDERA;Meta keywords-LAVANDULA BANDERA;Meta description-LAVANDULA BANDERA;;En Stock;Reserva disponible;0;2023-01-15;2023-01-15;1;;;0;;0;new;0;0;0;0;0;;;;;0;0;0;0;0
171;1;Limonium Qis;Semilla;74;1;;0;;;;;S110;;;;;;;;;;;;;;0;162;;;;;;;;;semilla;Meta title-LIMONIUM QIS;Meta keywords-LIMONIUM QIS;Meta description-LIMONIUM QIS;;En Stock;Reserva disponible;0;2023-01-15;2023-01-15;1;;;0;;0;new;0;0;0;0;0;;;;;0;0;0;0;0
172;1;Lobelia Rivera;Semilla;68;1;;0;;;;;S112;;;;;;;;;;;;;;0;162;;;;;;;;;semilla;Meta title-LOBELIA RIVERA;Meta keywords-LOBELIA RIVERA;Meta description-LOBELIA RIVERA;;En Stock;Reserva disponible;0;2023-01-15;2023-01-15;1;;;0;;0;new;0;0;0;0;0;;;;;0;0;0;0;0
173;1;Lobelia Sp Starship;Semilla;124;1;;0;;;;;S113;;;;;;;;;;;;;;0;162;;;;;;;;;semilla;Meta title-LOBELIA SP STARSHIP;Meta keywords-LOBELIA SP STARSHIP;Meta description-LOBELIA SP STARSHIP;;En Stock;Reserva disponible;0;2023-01-15;2023-01-15;1;;;0;;0;new;0;0;0;0;0;;;;;0;0;0;0;0
174;1;Lupin Gallery;Semilla;118;1;;0;;;;;S114;;;;;;;;;;;;;;0;162;;;;;;;;;semilla;Meta title-LUPIN GALLERY;Meta keywords-LUPIN GALLERY;Meta description-LUPIN GALLERY;;En Stock;Reserva disponible;0;2023-01-15;2023-01-15;1;;;0;;0;new;0;0;0;0;0;;;;;0;0;0;0;0
175;1;Pansy Cool Wave;Semilla;191;1;;0;;;;;S131;;;;;;;;;;;;;;0;162;;;;;;;;;semilla;Meta title-PANSY COOL WAVE;Meta keywords-PANSY COOL WAVE;Meta description-PANSY COOL WAVE;;En Stock;Reserva disponible;0;2023-01-15;2023-01-15;1;;;0;;0;new;0;0;0;0;0;;;;;0;0;0;0;0
176;1;Pansy Frizzle Sizzle;Semilla;100;1;;0;;;;;S132;;;;;;;;;;;;;;0;162;;;;;;;;;semilla;Meta title-PANSY FRIZZLE SIZZLE;Meta keywords-PANSY FRIZZLE SIZZLE;Meta description-PANSY FRIZZLE SIZZLE;;En Stock;Reserva disponible;0;2023-01-15;2023-01-15;1;;;0;;0;new;0;0;0;0;0;;;;;0;0;0;0;0
177;1;Penstemon Carillo;Semilla;102;1;;0;;;;;S134;;;;;;;;;;;;;;0;162;;;;;;;;;semilla;Meta title-PENSTEMON CARILLO;Meta keywords-PENSTEMON CARILLO;Meta description-PENSTEMON CARILLO;;En Stock;Reserva disponible;0;2023-01-15;2023-01-15;1;;;0;;0;new;0;0;0;0;0;;;;;0;0;0;0;0
178;1;Pentas Lucky Star;Semilla;145;1;;0;;;;;S135;;;;;;;;;;;;;;0;162;;;;;;;;;semilla;Meta title-PENTAS LUCKY STAR;Meta keywords-PENTAS LUCKY STAR;Meta description-PENTAS LUCKY STAR;;En Stock;Reserva disponible;0;2023-01-15;2023-01-15;1;;;0;;0;new;0;0;0;0;0;;;;;0;0;0;0;0
179;1;Petunia Ball Mix Picotee;Semilla;62;1;;0;;;;;S137;;;;;;;;;;;;;;0;162;;;;;;;;;semilla;Meta title-PETUNIA BALL MIX PICOTEE;Meta keywords-PETUNIA BALL MIX PICOTEE;Meta description-PETUNIA BALL MIX PICOTEE;;En Stock;Reserva disponible;0;2023-01-15;2023-01-15;1;;;0;;0;new;0;0;0;0;0;;;;;0;0;0;0;0
180;1;Petunia Combo Bluee;Semilla;257;1;;0;;;;;S138;;;;;;;;;;;;;;0;162;;;;;;;;;semilla;Meta title-PETUNIA COMBO BLUEE;Meta keywords-PETUNIA COMBO BLUEE;Meta description-PETUNIA COMBO BLUEE;;En Stock;Reserva disponible;0;2023-01-15;2023-01-15;1;;;0;;0;new;0;0;0;0;0;;;;;0;0;0;0;0
181;1;Petunia Dreams;Semilla;62;1;;0;;;;;S139;;;;;;;;;;;;;;0;162;;;;;;;;;semilla;Meta title-PETUNIA DREAMS;Meta keywords-PETUNIA DREAMS;Meta description-PETUNIA DREAMS;;En Stock;Reserva disponible;0;2023-01-15;2023-01-15;1;;;0;;0;new;0;0;0;0;0;;;;;0;0;0;0;0
182;1;Petunia Easy Wave;Semilla;257;1;;0;;;;;S140;;;;;;;;;;;;;;0;162;;;;;;;;;semilla;Meta title-PETUNIA EASY WAVE;Meta keywords-PETUNIA EASY WAVE;Meta description-PETUNIA EASY WAVE;;En Stock;Reserva disponible;0;2023-01-15;2023-01-15;1;;;0;;0;new;0;0;0;0;0;;;;;0;0;0;0;0
183;1;Petunia E3 Easy Wave;Semilla;257;1;;0;;;;;S141;;;;;;;;;;;;;;0;162;;;;;;;;;semilla;Meta title-PETUNIA E3 EASY WAVE;Meta keywords-PETUNIA E3 EASY WAVE;Meta description-PETUNIA E3 EASY WAVE;;En Stock;Reserva disponible;0;2023-01-15;2023-01-15;1;;;0;;0;new;0;0;0;0;0;;;;;0;0;0;0;0
184;1;Petunia Ex Rider;Semilla;69;1;;0;;;;;S142;;;;;;;;;;;;;;0;162;;;;;;;;;semilla;Meta title-PETUNIA EX RIDER;Meta keywords-PETUNIA EX RIDER;Meta description-PETUNIA EX RIDER;;En Stock;Reserva disponible;0;2023-01-15;2023-01-15;1;;;0;;0;new;0;0;0;0;0;;;;;0;0;0;0;0
185;1;Petunia Fuseables Blueberry Lime Jam;Semilla;226;1;;0;;;;;S143;;;;;;;;;;;;;;0;162;;;;;;;;;semilla;Meta title-PETUNIA FUSEABLES BLUEBERRY LIME JAM;Meta keywords-PETUNIA FUSEABLES BLUEBERRY LIME JAM;Meta description-PETUNIA FUSEABLES BLUEBERRY LIME JAM;;En Stock;Reserva disponible;0;2023-01-15;2023-01-15;1;;;0;;0;new;0;0;0;0;0;;;;;0;0;0;0;0
186;1;Petunia Pretty Grand;Semilla;68;1;;0;;;;;S144;;;;;;;;;;;;;;0;162;;;;;;;;;semilla;Meta title-PETUNIA PRETTY GRAND;Meta keywords-PETUNIA PRETTY GRAND;Meta description-PETUNIA PRETTY GRAND;;En Stock;Reserva disponible;0;2023-01-15;2023-01-15;1;;;0;;0;new;0;0;0;0;0;;;;;0;0;0;0;0
187;1;Petunia Shock Wave;Semilla;257;1;;0;;;;;S145;;;;;;;;;;;;;;0;162;;;;;;;;;semilla;Meta title-PETUNIA SHOCK WAVE;Meta keywords-PETUNIA SHOCK WAVE;Meta description-PETUNIA SHOCK WAVE;;En Stock;Reserva disponible;0;2023-01-15;2023-01-15;1;;;0;;0;new;0;0;0;0;0;;;;;0;0;0;0;0
188;1;Petunia Tritunia;Semilla;64;1;;0;;;;;S146;;;;;;;;;;;;;;0;162;;;;;;;;;semilla;Meta title-PETUNIA TRITUNIA;Meta keywords-PETUNIA TRITUNIA;Meta description-PETUNIA TRITUNIA;;En Stock;Reserva disponible;0;2023-01-15;2023-01-15;1;;;0;;0;new;0;0;0;0;0;;;;;0;0;0;0;0
189;1;Petunia Wave;Semilla;257;1;;0;;;;;S147;;;;;;;;;;;;;;0;162;;;;;;;;;semilla;Meta title-PETUNIA WAVE;Meta keywords-PETUNIA WAVE;Meta description-PETUNIA WAVE;;En Stock;Reserva disponible;0;2023-01-15;2023-01-15;1;;;0;;0;new;0;0;0;0;0;;;;;0;0;0;0;0
190;1;Protulaca Happy Hour;Semilla;79;1;;0;;;;;S148;;;;;;;;;;;;;;0;162;;;;;;;;;semilla;Meta title-PROTULACA HAPPY HOUR;Meta keywords-PROTULACA HAPPY HOUR;Meta description-PROTULACA HAPPY HOUR;;En Stock;Reserva disponible;0;2023-01-15;2023-01-15;1;;;0;;0;new;0;0;0;0;0;;;;;0;0;0;0;0
191;1;Primac Danessa - Oreja De Oso;Semilla;131;1;;0;;;;;S149;;;;;;;;;;;;;;0;162;;;;;;;;;semilla;Meta title-PRIMAC DANESSA / OREJA DE OSO;Meta keywords-PRIMAC DANESSA / OREJA DE OSO;Meta description-PRIMAC DANESSA / OREJA DE OSO;;En Stock;Reserva disponible;0;2023-01-15;2023-01-15;1;;;0;;0;new;0;0;0;0;0;;;;;0;0;0;0;0
192;1;Primac Primlet;Semilla;175;1;;0;;;;;S151;;;;;;;;;;;;;;0;162;;;;;;;;;semilla;Meta title-PRIMAC PRIMLET;Meta keywords-PRIMAC PRIMLET;Meta description-PRIMAC PRIMLET;;En Stock;Reserva disponible;0;2023-01-15;2023-01-15;1;;;0;;0;new;0;0;0;0;0;;;;;0;0;0;0;0
193;1;Primob Libre;Semilla;107;1;;0;;;;;S153;;;;;;;;;;;;;;0;162;;;;;;;;;semilla;Meta title-PRIMOB LIBRE;Meta keywords-PRIMOB LIBRE;Meta description-PRIMOB LIBRE;;En Stock;Reserva disponible;0;2023-01-15;2023-01-15;1;;;0;;0;new;0;0;0;0;0;;;;;0;0;0;0;0
194;1;Ranunculus Bloomindale Ii;Semilla;167;1;;0;;;;;S167;;;;;;;;;;;;;;0;162;;;;;;;;;semilla;Meta title-RANUNCULUS BLOOMINDALE II;Meta keywords-RANUNCULUS BLOOMINDALE II;Meta description-RANUNCULUS BLOOMINDALE II;;En Stock;Reserva disponible;0;2023-01-15;2023-01-15;1;;;0;;0;new;0;0;0;0;0;;;;;0;0;0;0;0
195;1;Salvia Big Blue;Semilla;182;1;;0;;;;;S156;;;;;;;;;;;;;;0;162;;;;;;;;;semilla;Meta title-SALVIA BIG BLUE;Meta keywords-SALVIA BIG BLUE;Meta description-SALVIA BIG BLUE;;En Stock;Reserva disponible;0;2023-01-15;2023-01-15;1;;;0;;0;new;0;0;0;0;0;;;;;0;0;0;0;0
196;1;Salvia Far Victoria Blue;Semilla;72;1;;0;;;;;S157;;;;;;;;;;;;;;0;162;;;;;;;;;semilla;Meta title-SALVIA FAR VICTORIA BLUE;Meta keywords-SALVIA FAR VICTORIA BLUE;Meta description-SALVIA FAR VICTORIA BLUE;;En Stock;Reserva disponible;0;2023-01-15;2023-01-15;1;;;0;;0;new;0;0;0;0;0;;;;;0;0;0;0;0
197;1;Salvia Vista;Semilla;67;1;;0;;;;;S158;;;;;;;;;;;;;;0;162;;;;;;;;;semilla;Meta title-SALVIA VISTA;Meta keywords-SALVIA VISTA;Meta description-SALVIA VISTA;;En Stock;Reserva disponible;0;2023-01-15;2023-01-15;1;;;0;;0;new;0;0;0;0;0;;;;;0;0;0;0;0
198;1;Salviasp New Dimension;Semilla;91;1;;0;;;;;S159;;;;;;;;;;;;;;0;162;;;;;;;;;semilla;Meta title-SALVIASP NEW DIMENSION;Meta keywords-SALVIASP NEW DIMENSION;Meta description-SALVIASP NEW DIMENSION;;En Stock;Reserva disponible;0;2023-01-15;2023-01-15;1;;;0;;0;new;0;0;0;0;0;;;;;0;0;0;0;0
199;1;Vinca Mediterranean Xp;Semilla;80;1;;0;;;;;S186;;;;;;;;;;;;;;0;162;;;;;;;;;semilla;Meta title-VINCA MEDITERRANEAN XP;Meta keywords-VINCA MEDITERRANEAN XP;Meta description-VINCA MEDITERRANEAN XP;;En Stock;Reserva disponible;0;2023-01-15;2023-01-15;1;;;0;;0;new;0;0;0;0;0;;;;;0;0;0;0;0
200;1;Vinca Pacifica Xp;Semilla;67;1;;0;;;;;S187;;;;;;;;;;;;;;0;162;;;;;;;;;semilla;Meta title-VINCA PACIFICA XP;Meta keywords-VINCA PACIFICA XP;Meta description-VINCA PACIFICA XP;;En Stock;Reserva disponible;0;2023-01-15;2023-01-15;1;;;0;;0;new;0;0;0;0;0;;;;;0;0;0;0;0
201;1;Vinca Tattoo;Semilla;94;1;;0;;;;;S188;;;;;;;;;;;;;;0;162;;;;;;;;;semilla;Meta title-VINCA TATTOO;Meta keywords-VINCA TATTOO;Meta description-VINCA TATTOO;;En Stock;Reserva disponible;0;2023-01-15;2023-01-15;1;;;0;;0;new;0;0;0;0;0;;;;;0;0;0;0;0
202;1;Viola Sorbet Xp;Semilla;90;1;;0;;;;;S189;;;;;;;;;;;;;;0;162;;;;;;;;;semilla;Meta title-VIOLA SORBET XP;Meta keywords-VIOLA SORBET XP;Meta description-VIOLA SORBET XP;;En Stock;Reserva disponible;0;2023-01-15;2023-01-15;1;;;0;;0;new;0;0;0;0;0;;;;;0;0;0;0;0
203;1;Zinnia Zahara Double;Semilla;96;1;;0;;;;;S190;;;;;;;;;;;;;;0;162;;;;;;;;;semilla;Meta title-ZINNIA ZAHARA DOUBLE;Meta keywords-ZINNIA ZAHARA DOUBLE;Meta description-ZINNIA ZAHARA DOUBLE;;En Stock;Reserva disponible;0;2023-01-15;2023-01-15;1;;;0;;0;new;0;0;0;0;0;;;;;0;0;0;0;0
204;1;Zinnia Zesty;Semilla;157;1;;0;;;;;S191;;;;;;;;;;;;;;0;162;;;;;;;;;semilla;Meta title-ZINNIA ZESTY;Meta keywords-ZINNIA ZESTY;Meta description-ZINNIA ZESTY;;En Stock;Reserva disponible;0;2023-01-15;2023-01-15;1;;;0;;0;new;0;0;0;0;0;;;;;0;0;0;0;0
205;1;Alegria Del Hogar Simple;Semilla;60;1;;0;;;;;S192;;;;;;;;;;;;;;0;162;;;;;;;;;semilla;Meta title-ALEGRIA DEL HOGAR SIMPLE;Meta keywords-ALEGRIA DEL HOGAR SIMPLE;Meta description-ALEGRIA DEL HOGAR SIMPLE;;En Stock;Reserva disponible;0;2023-01-15;2023-01-15;1;;;0;;0;new;0;0;0;0;0;;;;;0;0;0;0;0
206;1;Stipa Nosela;Semilla;168;1;;0;;;;;S197;;;;;;;;;;;;;;0;162;;;;;;;;;semilla;Meta title-STIPA NOSELA;Meta keywords-STIPA NOSELA;Meta description-STIPA NOSELA;;En Stock;Reserva disponible;0;2023-01-15;2023-01-15;1;;;0;;0;new;0;0;0;0;0;;;;;0;0;0;0;0
207;1;Erigeron;Semilla;97;1;;0;;;;;S198;;;;;;;;;;;;;;0;162;;;;;;;;;semilla;Meta title-ERIGERON;Meta keywords-ERIGERON;Meta description-ERIGERON;;En Stock;Reserva disponible;0;2023-01-15;2023-01-15;1;;;0;;0;new;0;0;0;0;0;;;;;0;0;0;0;0
208;1;Huilmo;Semilla;97;1;;0;;;;;S199;;;;;;;;;;;;;;0;162;;;;;;;;;semilla;Meta title-HUILMO;Meta keywords-HUILMO;Meta description-HUILMO;;En Stock;Reserva disponible;0;2023-01-15;2023-01-15;1;;;0;;0;new;0;0;0;0;0;;;;;0;0;0;0;0
209;1;Calle Calle;Semilla;97;1;;0;;;;;S200;;;;;;;;;;;;;;0;162;;;;;;;;;semilla;Meta title-CALLE CALLE;Meta keywords-CALLE CALLE;Meta description-CALLE CALLE;;En Stock;Reserva disponible;0;2023-01-15;2023-01-15;1;;;0;;0;new;0;0;0;0;0;;;;;0;0;0;0;0
217;1;Lisianthus;Semilla;150;1;;0;;;;;S195;;;;;;;;;;;;;;0;162;;;;;;;;;semilla;Meta title-LISIANTHUS;Meta keywords-LISIANTHUS;Meta description-LISIANTHUS;;En Stock;Reserva disponible;0;2023-01-15;2023-01-15;1;;;0;;0;new;0;0;0;0;0;;;;;0;0;0;0;0
229;1;Comino;Semilla;76;1;;0;;;;;S201;;;;;;;;;;;;;;0;162;;;;;;;;;semilla;Meta title-COMINO;Meta keywords-COMINO;Meta description-COMINO;;En Stock;Reserva disponible;0;2023-01-15;2023-01-15;1;;;0;;0;new;0;0;0;0;0;;;;;0;0;0;0;0
230;1;Tomillo;Semilla;76;1;;0;;;;;S202;;;;;;;;;;;;;;0;162;;;;;;;;;semilla;Meta title-TOMILLO;Meta keywords-TOMILLO;Meta description-TOMILLO;;En Stock;Reserva disponible;0;2023-01-15;2023-01-15;1;;;0;;0;new;0;0;0;0;0;;;;;0;0;0;0;0
231;1;Iberis Semp Whiteout;Semilla;80;1;;0;;;;;S99;;;;;;;;;;;;;;0;162;;;;;;;;;semilla;Meta title-IBERIS SEMP WHITEOUT;Meta keywords-IBERIS SEMP WHITEOUT;Meta description-IBERIS SEMP WHITEOUT;;En Stock;Reserva disponible;0;2023-01-15;2023-01-15;1;;;0;;0;new;0;0;0;0;0;;;;;0;0;0;0;0
234;1;Pansy Cool Wave Blue Skies;Semilla;191;1;;0;;;;;S203;;;;;;;;;;;;;;0;162;;;;;;;;;semilla;Meta title-PANSY COOL WAVE BLUE SKIES;Meta keywords-PANSY COOL WAVE BLUE SKIES;Meta description-PANSY COOL WAVE BLUE SKIES;;En Stock;Reserva disponible;0;2023-01-15;2023-01-15;1;;;0;;0;new;0;0;0;0;0;;;;;0;0;0;0;0
235;1;Pansy Coomorphol Wave;Semilla;191;1;;0;;;;;S204;;;;;;;;;;;;;;0;162;;;;;;;;;semilla;Meta title-PANSY COOMORPHOL WAVE;Meta keywords-PANSY COOMORPHOL WAVE;Meta description-PANSY COOMORPHOL WAVE;;En Stock;Reserva disponible;0;2023-01-15;2023-01-15;1;;;0;;0;new;0;0;0;0;0;;;;;0;0;0;0;0
236;1;Pansy Cool Wave Morpho;Semilla;191;1;;0;;;;;S205;;;;;;;;;;;;;;0;162;;;;;;;;;semilla;Meta title-PANSY COOL WAVE MORPHO;Meta keywords-PANSY COOL WAVE MORPHO;Meta description-PANSY COOL WAVE MORPHO;;En Stock;Reserva disponible;0;2023-01-15;2023-01-15;1;;;0;;0;new;0;0;0;0;0;;;;;0;0;0;0;0
238;1;Crisantemo;Semilla;130;1;;0;;;;;S194;;;;;;;;;;;;;;0;162;;;;;;;;;semilla;Meta title-CRISANTEMO;Meta keywords-CRISANTEMO;Meta description-CRISANTEMO;;En Stock;Reserva disponible;0;2023-01-15;2023-01-15;1;;;0;;0;new;0;0;0;0;0;;;;;0;0;0;0;0
239;1;Estragon;Semilla;86;1;;0;;;;;S208;;;;;;;;;;;;;;0;162;;;;;;;;;semilla;Meta title-ESTRAGON;Meta keywords-ESTRAGON;Meta description-ESTRAGON;;En Stock;Reserva disponible;0;2023-01-15;2023-01-15;1;;;0;;0;new;0;0;0;0;0;;;;;0;0;0;0;0
240;1;Menta Piperita;Semilla;86;1;;0;;;;;S209;;;;;;;;;;;;;;0;162;;;;;;;;;semilla;Meta title-MENTA PIPERITA;Meta keywords-MENTA PIPERITA;Meta description-MENTA PIPERITA;;En Stock;Reserva disponible;0;2023-01-15;2023-01-15;1;;;0;;0;new;0;0;0;0;0;;;;;0;0;0;0;0
241;1;Menta Spicata;Semilla;86;1;;0;;;;;S210;;;;;;;;;;;;;;0;162;;;;;;;;;semilla;Meta title-MENTA SPICATA;Meta keywords-MENTA SPICATA;Meta description-MENTA SPICATA;;En Stock;Reserva disponible;0;2023-01-15;2023-01-15;1;;;0;;0;new;0;0;0;0;0;;;;;0;0;0;0;0
242;1;Salvia Sage;Semilla;86;1;;0;;;;;S211;;;;;;;;;;;;;;0;162;;;;;;;;;semilla;Meta title-SALVIA SAGE;Meta keywords-SALVIA SAGE;Meta description-SALVIA SAGE;;En Stock;Reserva disponible;0;2023-01-15;2023-01-15;1;;;0;;0;new;0;0;0;0;0;;;;;0;0;0;0;0
244;1;Melissa;Semilla;86;1;;0;;;;;S206;;;;;;;;;;;;;;0;162;;;;;;;;;semilla;Meta title-MELISSA;Meta keywords-MELISSA;Meta description-MELISSA;;En Stock;Reserva disponible;0;2023-01-15;2023-01-15;1;;;0;;0;new;0;0;0;0;0;;;;;0;0;0;0;0
245;1;Eneldo;Semilla;86;1;;0;;;;;S207;;;;;;;;;;;;;;0;162;;;;;;;;;semilla;Meta title-ENELDO;Meta keywords-ENELDO;Meta description-ENELDO;;En Stock;Reserva disponible;0;2023-01-15;2023-01-15;1;;;0;;0;new;0;0;0;0;0;;;;;0;0;0;0;0
246;1;Abutilon Bella;Semilla;203;1;;0;;;;;S212;;;;;;;;;;;;;;0;162;;;;;;;;;semilla;Meta title-ABUTILON BELLA;Meta keywords-ABUTILON BELLA;Meta description-ABUTILON BELLA;;En Stock;Reserva disponible;0;2023-01-15;2023-01-15;1;;;0;;0;new;0;0;0;0;0;;;;;0;0;0;0;0
247;1;Abution Bella;Semilla;203;1;;0;;;;;S01;;;;;;;;;;;;;;0;162;;;;;;;;;semilla;Meta title-ABUTION BELLA;Meta keywords-ABUTION BELLA;Meta description-ABUTION BELLA;;En Stock;Reserva disponible;0;2023-01-15;2023-01-15;1;;;0;;0;new;0;0;0;0;0;;;;;0;0;0;0;0
248;1;Peumo;Semilla;350;1;;0;;;;;S213;;;;;;;;;;;;;;0;162;;;;;;;;;semilla;Meta title-PEUMO;Meta keywords-PEUMO;Meta description-PEUMO;;En Stock;Reserva disponible;0;2023-01-15;2023-01-15;1;;;0;;0;new;0;0;0;0;0;;;;;0;0;0;0;0
249;1;Heuchera Mic Melting Fire;Semilla;200;1;;0;;;;;S214;;;;;;;;;;;;;;0;162;;;;;;;;;semilla;Meta title-HEUCHERA MIC MELTING FIRE;Meta keywords-HEUCHERA MIC MELTING FIRE;Meta description-HEUCHERA MIC MELTING FIRE;;En Stock;Reserva disponible;0;2023-01-15;2023-01-15;1;;;0;;0;new;0;0;0;0;0;;;;;0;0;0;0;0
250;1;Heuchera Mic Palace Purple;Semilla;86;1;;0;;;;;S215;;;;;;;;;;;;;;0;162;;;;;;;;;semilla;Meta title-HEUCHERA MIC PALACE PURPLE;Meta keywords-HEUCHERA MIC PALACE PURPLE;Meta description-HEUCHERA MIC PALACE PURPLE;;En Stock;Reserva disponible;0;2023-01-15;2023-01-15;1;;;0;;0;new;0;0;0;0;0;;;;;0;0;0;0;0
251;1;Salvia Steposa;Semilla;210;1;;0;;;;;S216;;;;;;;;;;;;;;0;162;;;;;;;;;semilla;Meta title-SALVIA STEPOSA;Meta keywords-SALVIA STEPOSA;Meta description-SALVIA STEPOSA;;En Stock;Reserva disponible;0;2023-01-15;2023-01-15;1;;;0;;0;new;0;0;0;0;0;;;;;0;0;0;0;0
252;1;Laurentina;Semilla;500;1;;0;;;;;S217;;;;;;;;;;;;;;0;162;;;;;;;;;semilla;Meta title-LAURENTINA;Meta keywords-LAURENTINA;Meta description-LAURENTINA;;En Stock;Reserva disponible;0;2023-01-15;2023-01-15;1;;;0;;0;new;0;0;0;0;0;;;;;0;0;0;0;0
253;1;Primula Danesa;Semilla;131;1;;0;;;;;S218;;;;;;;;;;;;;;0;162;;;;;;;;;semilla;Meta title-PRIMULA DANESA;Meta keywords-PRIMULA DANESA;Meta description-PRIMULA DANESA;;En Stock;Reserva disponible;0;2023-01-15;2023-01-15;1;;;0;;0;new;0;0;0;0;0;;;;;0;0;0;0;0
256;1;Viola Sorbet Jamp;Semilla;90;1;;0;;;;;S219;;;;;;;;;;;;;;0;162;;;;;;;;;semilla;Meta title-VIOLA SORBET JAMP;Meta keywords-VIOLA SORBET JAMP;Meta description-VIOLA SORBET JAMP;;En Stock;Reserva disponible;0;2023-01-15;2023-01-15;1;;;0;;0;new;0;0;0;0;0;;;;;0;0;0;0;0
257;1;Puya Chilensis;Semilla;250;1;;0;;;;;S220;;;;;;;;;;;;;;0;162;;;;;;;;;semilla;Meta title-PUYA CHILENSIS;Meta keywords-PUYA CHILENSIS;Meta description-PUYA CHILENSIS;;En Stock;Reserva disponible;0;2023-01-15;2023-01-15;1;;;0;;0;new;0;0;0;0;0;;;;;0;0;0;0;0
258;1;Begonia Megawatt Pink;Semilla;257;1;;0;;;;;S221;;;;;;;;;;;;;;0;162;;;;;;;;;semilla;Meta title-BEGONIA MEGAWATT PINK;Meta keywords-BEGONIA MEGAWATT PINK;Meta description-BEGONIA MEGAWATT PINK;;En Stock;Reserva disponible;0;2023-01-15;2023-01-15;1;;;0;;0;new;0;0;0;0;0;;;;;0;0;0;0;0
259;1;Begonia Megawatt Rose;Semilla;257;1;;0;;;;;S222;;;;;;;;;;;;;;0;162;;;;;;;;;semilla;Meta title-BEGONIA MEGAWATT ROSE;Meta keywords-BEGONIA MEGAWATT ROSE;Meta description-BEGONIA MEGAWATT ROSE;;En Stock;Reserva disponible;0;2023-01-15;2023-01-15;1;;;0;;0;new;0;0;0;0;0;;;;;0;0;0;0;0
260;1;Begonia Megawatt Pink Red;Semilla;257;1;;0;;;;;S223;;;;;;;;;;;;;;0;162;;;;;;;;;semilla;Meta title-BEGONIA MEGAWATT PINK RED;Meta keywords-BEGONIA MEGAWATT PINK RED;Meta description-BEGONIA MEGAWATT PINK RED;;En Stock;Reserva disponible;0;2023-01-15;2023-01-15;1;;;0;;0;new;0;0;0;0;0;;;;;0;0;0;0;0
261;1;Pansy Itala Mix;Semilla;191;1;;0;;;;;S224;;;;;;;;;;;;;;0;162;;;;;;;;;semilla;Meta title-PANSY ITALA MIX;Meta keywords-PANSY ITALA MIX;Meta description-PANSY ITALA MIX;;En Stock;Reserva disponible;0;2023-01-15;2023-01-15;1;;;0;;0;new;0;0;0;0;0;;;;;0;0;0;0;0
263;1;Kniphofia Amarillo Naranja;Semilla;250;1;;0;;;;;S225;;;;;;;;;;;;;;0;162;;;;;;;;;semilla;Meta title-KNIPHOFIA AMARILLO NARANJA;Meta keywords-KNIPHOFIA AMARILLO NARANJA;Meta description-KNIPHOFIA AMARILLO NARANJA;;En Stock;Reserva disponible;0;2023-01-15;2023-01-15;1;;;0;;0;new;0;0;0;0;0;;;;;0;0;0;0;0
264;1;Dahlia Figaro;Semilla;125;1;;0;;;;;S226;;;;;;;;;;;;;;0;162;;;;;;;;;semilla;Meta title-DAHLIA FIGARO;Meta keywords-DAHLIA FIGARO;Meta description-DAHLIA FIGARO;;En Stock;Reserva disponible;0;2023-01-15;2023-01-15;1;;;0;;0;new;0;0;0;0;0;;;;;0;0;0;0;0
265;1;Kniphopfia Amarilla;Semilla;250;1;;0;;;;;S227;;;;;;;;;;;;;;0;162;;;;;;;;;semilla;Meta title-KNIPHOPFIA AMARILLA;Meta keywords-KNIPHOPFIA AMARILLA;Meta description-KNIPHOPFIA AMARILLA;;En Stock;Reserva disponible;0;2023-01-15;2023-01-15;1;;;0;;0;new;0;0;0;0;0;;;;;0;0;0;0;0
269;1;Stenocarpus Rojo;Semilla;300;1;;0;;;;;S228;;;;;;;;;;;;;;0;162;;;;;;;;;semilla;Meta title-STENOCARPUS ROJO;Meta keywords-STENOCARPUS ROJO;Meta description-STENOCARPUS ROJO;;En Stock;Reserva disponible;0;2023-01-15;2023-01-15;1;;;0;;0;new;0;0;0;0;0;;;;;0;0;0;0;0
270;1;Salvia Solar Red;Semilla;300;1;;0;;;;;S229;;;;;;;;;;;;;;0;162;;;;;;;;;semilla;Meta title-SALVIA SOLAR RED;Meta keywords-SALVIA SOLAR RED;Meta description-SALVIA SOLAR RED;;En Stock;Reserva disponible;0;2023-01-15;2023-01-15;1;;;0;;0;new;0;0;0;0;0;;;;;0;0;0;0;0
274;1;Petunia Hibrida;Semilla;65;1;;0;;;;;S230;;;;;;;;;;;;;;0;162;;;;;;;;;semilla;Meta title-PETUNIA HIBRIDA;Meta keywords-PETUNIA HIBRIDA;Meta description-PETUNIA HIBRIDA;;En Stock;Reserva disponible;0;2023-01-15;2023-01-15;1;;;0;;0;new;0;0;0;0;0;;;;;0;0;0;0;0
275;1;Geranium;Semilla;215;1;;0;;;;;S231;;;;;;;;;;;;;;0;162;;;;;;;;;semilla;Meta title-GERANIUM;Meta keywords-GERANIUM;Meta description-GERANIUM;;En Stock;Reserva disponible;0;2023-01-15;2023-01-15;1;;;0;;0;new;0;0;0;0;0;;;;;0;0;0;0;0
276;1;Celosia Amor Mix;Semilla;85;1;;0;;;;;S232;;;;;;;;;;;;;;0;162;;;;;;;;;semilla;Meta title-CELOSIA AMOR MIX;Meta keywords-CELOSIA AMOR MIX;Meta description-CELOSIA AMOR MIX;;En Stock;Reserva disponible;0;2023-01-15;2023-01-15;1;;;0;;0;new;0;0;0;0;0;;;;;0;0;0;0;0
277;1;Portulaca Happy Hour Mix;Semilla;85;1;;0;;;;;S233;;;;;;;;;;;;;;0;162;;;;;;;;;semilla;Meta title-PORTULACA HAPPY HOUR MIX;Meta keywords-PORTULACA HAPPY HOUR MIX;Meta description-PORTULACA HAPPY HOUR MIX;;En Stock;Reserva disponible;0;2023-01-15;2023-01-15;1;;;0;;0;new;0;0;0;0;0;;;;;0;0;0;0;0
278;1;Dhalia Garden Pride;Semilla;78;1;;0;;;;;S234;;;;;;;;;;;;;;0;162;;;;;;;;;semilla;Meta title-DHALIA GARDEN PRIDE;Meta keywords-DHALIA GARDEN PRIDE;Meta description-DHALIA GARDEN PRIDE;;En Stock;Reserva disponible;0;2023-01-15;2023-01-15;1;;;0;;0;new;0;0;0;0;0;;;;;0;0;0;0;0
279;1;Dhalia Harlequin;Semilla;78;1;;0;;;;;S235;;;;;;;;;;;;;;0;162;;;;;;;;;semilla;Meta title-DHALIA HARLEQUIN;Meta keywords-DHALIA HARLEQUIN;Meta description-DHALIA HARLEQUIN;;En Stock;Reserva disponible;0;2023-01-15;2023-01-15;1;;;0;;0;new;0;0;0;0;0;;;;;0;0;0;0;0
280;1;Osteospermum Akila Mix;Semilla;310;1;;0;;;;;S236;;;;;;;;;;;;;;0;162;;;;;;;;;semilla;Meta title-OSTEOSPERMUM AKILA MIX;Meta keywords-OSTEOSPERMUM AKILA MIX;Meta description-OSTEOSPERMUM AKILA MIX;;En Stock;Reserva disponible;0;2023-01-15;2023-01-15;1;;;0;;0;new;0;0;0;0;0;;;;;0;0;0;0;0
281;1;Lavandula Ellagance Pink;Semilla;96;1;;0;;;;;S237;;;;;;;;;;;;;;0;162;;;;;;;;;semilla;Meta title-LAVANDULA ELLAGANCE PINK;Meta keywords-LAVANDULA ELLAGANCE PINK;Meta description-LAVANDULA ELLAGANCE PINK;;En Stock;Reserva disponible;0;2023-01-15;2023-01-15;1;;;0;;0;new;0;0;0;0;0;;;;;0;0;0;0;0
282;1;Viola Cornuta Lolita Mix;Semilla;90;1;;0;;;;;S238;;;;;;;;;;;;;;0;162;;;;;;;;;semilla;Meta title-VIOLA CORNUTA LOLITA MIX;Meta keywords-VIOLA CORNUTA LOLITA MIX;Meta description-VIOLA CORNUTA LOLITA MIX;;En Stock;Reserva disponible;0;2023-01-15;2023-01-15;1;;;0;;0;new;0;0;0;0;0;;;;;0;0;0;0;0
283;1;Gazania Rigens Day;Semilla;75;1;;0;;;;;S239;;;;;;;;;;;;;;0;162;;;;;;;;;semilla;Meta title-GAZANIA RIGENS DAY;Meta keywords-GAZANIA RIGENS DAY;Meta description-GAZANIA RIGENS DAY;;En Stock;Reserva disponible;0;2023-01-15;2023-01-15;1;;;0;;0;new;0;0;0;0;0;;;;;0;0;0;0;0
284;1;Viola Sorbet Xp Mix Harvest;Semilla;90;1;;0;;;;;S240;;;;;;;;;;;;;;0;162;;;;;;;;;semilla;Meta title-VIOLA SORBET XP MIX HARVEST;Meta keywords-VIOLA SORBET XP MIX HARVEST;Meta description-VIOLA SORBET XP MIX HARVEST;;En Stock;Reserva disponible;0;2023-01-15;2023-01-15;1;;;0;;0;new;0;0;0;0;0;;;;;0;0;0;0;0
285;1;Petunia Hotunia Radiance Mix;Semilla;62;1;;0;;;;;S241;;;;;;;;;;;;;;0;162;;;;;;;;;semilla;Meta title-PETUNIA HOTUNIA RADIANCE MIX;Meta keywords-PETUNIA HOTUNIA RADIANCE MIX;Meta description-PETUNIA HOTUNIA RADIANCE MIX;;En Stock;Reserva disponible;0;2023-01-15;2023-01-15;1;;;0;;0;new;0;0;0;0;0;;;;;0;0;0;0;0
286;1;Armeria Maritima;Semilla;79;1;;0;;;;;S242;;;;;;;;;;;;;;0;162;;;;;;;;;semilla;Meta title-ARMERIA MARITIMA;Meta keywords-ARMERIA MARITIMA;Meta description-ARMERIA MARITIMA;;En Stock;Reserva disponible;0;2023-01-15;2023-01-15;1;;;0;;0;new;0;0;0;0;0;;;;;0;0;0;0;0
287;1;Limonium Qis White;Semilla;74;1;;0;;;;;S243;;;;;;;;;;;;;;0;162;;;;;;;;;semilla;Meta title-LIMONIUM QIS WHITE;Meta keywords-LIMONIUM QIS WHITE;Meta description-LIMONIUM QIS WHITE;;En Stock;Reserva disponible;0;2023-01-15;2023-01-15;1;;;0;;0;new;0;0;0;0;0;;;;;0;0;0;0;0
288;1;Limonium Qis Rose;Semilla;74;1;;0;;;;;S244;;;;;;;;;;;;;;0;162;;;;;;;;;semilla;Meta title-LIMONIUM QIS ROSE;Meta keywords-LIMONIUM QIS ROSE;Meta description-LIMONIUM QIS ROSE;;En Stock;Reserva disponible;0;2023-01-15;2023-01-15;1;;;0;;0;new;0;0;0;0;0;;;;;0;0;0;0;0
289;1;Limonium Qis Blue Dark;Semilla;74;1;;0;;;;;S245;;;;;;;;;;;;;;0;162;;;;;;;;;semilla;Meta title-LIMONIUM QIS BLUE DARK;Meta keywords-LIMONIUM QIS BLUE DARK;Meta description-LIMONIUM QIS BLUE DARK;;En Stock;Reserva disponible;0;2023-01-15;2023-01-15;1;;;0;;0;new;0;0;0;0;0;;;;;0;0;0;0;0
292;1;Osteospermum Mix;Semilla;310;1;;0;;;;;S246;;;;;;;;;;;;;;0;162;;;;;;;;;semilla;Meta title-OSTEOSPERMUM MIX;Meta keywords-OSTEOSPERMUM MIX;Meta description-OSTEOSPERMUM MIX;;En Stock;Reserva disponible;0;2023-01-15;2023-01-15;1;;;0;;0;new;0;0;0;0;0;;;;;0;0;0;0;0
293;1;Osteospermum Sunset Hade;Semilla;310;1;;0;;;;;S247;;;;;;;;;;;;;;0;162;;;;;;;;;semilla;Meta title-OSTEOSPERMUM SUNSET HADE;Meta keywords-OSTEOSPERMUM SUNSET HADE;Meta description-OSTEOSPERMUM SUNSET HADE;;En Stock;Reserva disponible;0;2023-01-15;2023-01-15;1;;;0;;0;new;0;0;0;0;0;;;;;0;0;0;0;0
294;1;Lobelia Blue Palace;Semilla;80;1;;0;;;;;S248;;;;;;;;;;;;;;0;162;;;;;;;;;semilla;Meta title-LOBELIA BLUE PALACE;Meta keywords-LOBELIA BLUE PALACE;Meta description-LOBELIA BLUE PALACE;;En Stock;Reserva disponible;0;2023-01-15;2023-01-15;1;;;0;;0;new;0;0;0;0;0;;;;;0;0;0;0;0
295;1;Marigold African Clavelon;Semilla;150;1;;0;;;;;S249;;;;;;;;;;;;;;0;162;;;;;;;;;semilla;Meta title-MARIGOLD AFRICAN CLAVELON;Meta keywords-MARIGOLD AFRICAN CLAVELON;Meta description-MARIGOLD AFRICAN CLAVELON;;En Stock;Reserva disponible;0;2023-01-15;2023-01-15;1;;;0;;0;new;0;0;0;0;0;;;;;0;0;0;0;0
296;1;Dimorphotecas;Semilla;91;1;;0;;;;;S250;;;;;;;;;;;;;;0;162;;;;;;;;;semilla;Meta title-DIMORPHOTECAS;Meta keywords-DIMORPHOTECAS;Meta description-DIMORPHOTECAS;;En Stock;Reserva disponible;0;2023-01-15;2023-01-15;1;;;0;;0;new;0;0;0;0;0;;;;;0;0;0;0;0
297;1;Petunia Dreams Roja;Semilla;62;1;;0;;;;;S251;;;;;;;;;;;;;;0;162;;;;;;;;;semilla;Meta title-PETUNIA DREAMS ROJA;Meta keywords-PETUNIA DREAMS ROJA;Meta description-PETUNIA DREAMS ROJA;;En Stock;Reserva disponible;0;2023-01-15;2023-01-15;1;;;0;;0;new;0;0;0;0;0;;;;;0;0;0;0;0
298;1;Petunia Dreams Blanca;Semilla;62;1;;0;;;;;S252;;;;;;;;;;;;;;0;162;;;;;;;;;semilla;Meta title-PETUNIA DREAMS BLANCA;Meta keywords-PETUNIA DREAMS BLANCA;Meta description-PETUNIA DREAMS BLANCA;;En Stock;Reserva disponible;0;2023-01-15;2023-01-15;1;;;0;;0;new;0;0;0;0;0;;;;;0;0;0;0;0
300;1;Dusty Miller (maritima);Semilla;90;1;;0;;;;;S253;;;;;;;;;;;;;;0;162;;;;;;;;;semilla;Meta title-DUSTY MILLER (MARITIMA);Meta keywords-DUSTY MILLER (MARITIMA);Meta description-DUSTY MILLER (MARITIMA);;En Stock;Reserva disponible;0;2023-01-15;2023-01-15;1;;;0;;0;new;0;0;0;0;0;;;;;0;0;0;0;0
302;1;Crateus;Semilla;110;1;;0;;;;;S254;;;;;;;;;;;;;;0;162;;;;;;;;;semilla;Meta title-CRATEUS;Meta keywords-CRATEUS;Meta description-CRATEUS;;En Stock;Reserva disponible;0;2023-01-15;2023-01-15;1;;;0;;0;new;0;0;0;0;0;;;;;0;0;0;0;0
306;1;Geranio Horizon Neon Rose;Semilla;225;1;;0;;;;;S255;;;;;;;;;;;;;;0;162;;;;;;;;;semilla;Meta title-GERANIO HORIZON NEON ROSE;Meta keywords-GERANIO HORIZON NEON ROSE;Meta description-GERANIO HORIZON NEON ROSE;;En Stock;Reserva disponible;0;2023-01-15;2023-01-15;1;;;0;;0;new;0;0;0;0;0;;;;;0;0;0;0;0
307;1;Geranio Horizon Red Deep;Semilla;225;1;;0;;;;;S256;;;;;;;;;;;;;;0;162;;;;;;;;;semilla;Meta title-GERANIO HORIZON RED DEEP;Meta keywords-GERANIO HORIZON RED DEEP;Meta description-GERANIO HORIZON RED DEEP;;En Stock;Reserva disponible;0;2023-01-15;2023-01-15;1;;;0;;0;new;0;0;0;0;0;;;;;0;0;0;0;0
308;1;Geum Mrs Bradshaw;Semilla;89;1;;0;;;;;S257;;;;;;;;;;;;;;0;162;;;;;;;;;semilla;Meta title-GEUM MRS BRADSHAW;Meta keywords-GEUM MRS BRADSHAW;Meta description-GEUM MRS BRADSHAW;;En Stock;Reserva disponible;0;2023-01-15;2023-01-15;1;;;0;;0;new;0;0;0;0;0;;;;;0;0;0;0;0
309;1;Sysirinchium;Semilla;210;1;;0;;;;;S258;;;;;;;;;;;;;;0;162;;;;;;;;;semilla;Meta title-SYSIRINCHIUM;Meta keywords-SYSIRINCHIUM;Meta description-SYSIRINCHIUM;;En Stock;Reserva disponible;0;2023-01-15;2023-01-15;1;;;0;;0;new;0;0;0;0;0;;;;;0;0;0;0;0
310;1;Salvia Stepposa;Semilla;210;1;;0;;;;;S259;;;;;;;;;;;;;;0;162;;;;;;;;;semilla;Meta title-SALVIA STEPPOSA;Meta keywords-SALVIA STEPPOSA;Meta description-SALVIA STEPPOSA;;En Stock;Reserva disponible;0;2023-01-15;2023-01-15;1;;;0;;0;new;0;0;0;0;0;;;;;0;0;0;0;0
311;1;Gazania New Day Rose Stripe;Semilla;88;1;;0;;;;;S260;;;;;;;;;;;;;;0;162;;;;;;;;;semilla;Meta title-GAZANIA NEW DAY ROSE STRIPE;Meta keywords-GAZANIA NEW DAY ROSE STRIPE;Meta description-GAZANIA NEW DAY ROSE STRIPE;;En Stock;Reserva disponible;0;2023-01-15;2023-01-15;1;;;0;;0;new;0;0;0;0;0;;;;;0;0;0;0;0
312;1;Gazania New Day Mix Brights;Semilla;128;1;;0;;;;;S261;;;;;;;;;;;;;;0;162;;;;;;;;;semilla;Meta title-GAZANIA NEW DAY MIX BRIGHTS;Meta keywords-GAZANIA NEW DAY MIX BRIGHTS;Meta description-GAZANIA NEW DAY MIX BRIGHTS;;En Stock;Reserva disponible;0;2023-01-15;2023-01-15;1;;;0;;0;new;0;0;0;0;0;;;;;0;0;0;0;0
313;1;Limonium Qis Mix Ipd;Semilla;74;1;;0;;;;;S262;;;;;;;;;;;;;;0;162;;;;;;;;;semilla;Meta title-LIMONIUM QIS MIX IPD;Meta keywords-LIMONIUM QIS MIX IPD;Meta description-LIMONIUM QIS MIX IPD;;En Stock;Reserva disponible;0;2023-01-15;2023-01-15;1;;;0;;0;new;0;0;0;0;0;;;;;0;0;0;0;0
314;1;Ampelodesmos;Semilla;210;1;;0;;;;;S263;;;;;;;;;;;;;;0;162;;;;;;;;;semilla;Meta title-AMPELODESMOS;Meta keywords-AMPELODESMOS;Meta description-AMPELODESMOS;;En Stock;Reserva disponible;0;2023-01-15;2023-01-15;1;;;0;;0;new;0;0;0;0;0;;;;;0;0;0;0;0
318;1;Algarrobo;Semilla;250;1;;0;;;;;S264;;;;;;;;;;;;;;0;162;;;;;;;;;semilla;Meta title-ALGARROBO;Meta keywords-ALGARROBO;Meta description-ALGARROBO;;En Stock;Reserva disponible;0;2023-01-15;2023-01-15;1;;;0;;0;new;0;0;0;0;0;;;;;0;0;0;0;0
319;1;Arrayan;Semilla;250;1;;0;;;;;S265;;;;;;;;;;;;;;0;162;;;;;;;;;semilla;Meta title-ARRAYAN;Meta keywords-ARRAYAN;Meta description-ARRAYAN;;En Stock;Reserva disponible;0;2023-01-15;2023-01-15;1;;;0;;0;new;0;0;0;0;0;;;;;0;0;0;0;0
320;1;Espino;Semilla;250;1;;0;;;;;S266;;;;;;;;;;;;;;0;162;;;;;;;;;semilla;Meta title-ESPINO;Meta keywords-ESPINO;Meta description-ESPINO;;En Stock;Reserva disponible;0;2023-01-15;2023-01-15;1;;;0;;0;new;0;0;0;0;0;;;;;0;0;0;0;0
321;1;Huingan;Semilla;250;1;;0;;;;;S267;;;;;;;;;;;;;;0;162;;;;;;;;;semilla;Meta title-HUINGAN;Meta keywords-HUINGAN;Meta description-HUINGAN;;En Stock;Reserva disponible;0;2023-01-15;2023-01-15;1;;;0;;0;new;0;0;0;0;0;;;;;0;0;0;0;0
322;1;Litre;Semilla;250;1;;0;;;;;S268;;;;;;;;;;;;;;0;162;;;;;;;;;semilla;Meta title-LITRE;Meta keywords-LITRE;Meta description-LITRE;;En Stock;Reserva disponible;0;2023-01-15;2023-01-15;1;;;0;;0;new;0;0;0;0;0;;;;;0;0;0;0;0
323;1;Maiten;Semilla;250;1;;0;;;;;S269;;;;;;;;;;;;;;0;162;;;;;;;;;semilla;Meta title-MAITEN;Meta keywords-MAITEN;Meta description-MAITEN;;En Stock;Reserva disponible;0;2023-01-15;2023-01-15;1;;;0;;0;new;0;0;0;0;0;;;;;0;0;0;0;0
324;1;Molle;Semilla;250;1;;0;;;;;S270;;;;;;;;;;;;;;0;162;;;;;;;;;semilla;Meta title-MOLLE;Meta keywords-MOLLE;Meta description-MOLLE;;En Stock;Reserva disponible;0;2023-01-15;2023-01-15;1;;;0;;0;new;0;0;0;0;0;;;;;0;0;0;0;0
325;1;Pimiento;Semilla;250;1;;0;;;;;S271;;;;;;;;;;;;;;0;162;;;;;;;;;semilla;Meta title-PIMIENTO;Meta keywords-PIMIENTO;Meta description-PIMIENTO;;En Stock;Reserva disponible;0;2023-01-15;2023-01-15;1;;;0;;0;new;0;0;0;0;0;;;;;0;0;0;0;0
328;1;Boldo;Semilla;700;1;;0;;;;;S272;;;;;;;;;;;;;;0;162;;;;;;;;;semilla;Meta title-BOLDO;Meta keywords-BOLDO;Meta description-BOLDO;;En Stock;Reserva disponible;0;2023-01-15;2023-01-15;1;;;0;;0;new;0;0;0;0;0;;;;;0;0;0;0;0
329;1;Quillay;Semilla;350;1;;0;;;;;S273;;;;;;;;;;;;;;0;162;;;;;;;;;semilla;Meta title-QUILLAY;Meta keywords-QUILLAY;Meta description-QUILLAY;;En Stock;Reserva disponible;0;2023-01-15;2023-01-15;1;;;0;;0;new;0;0;0;0;0;;;;;0;0;0;0;0
330;1;Acacia - Espino;Semilla;350;1;;0;;;;;S274;;;;;;;;;;;;;;0;162;;;;;;;;;semilla;Meta title-ACACIA / ESPINO;Meta keywords-ACACIA / ESPINO;Meta description-ACACIA / ESPINO;;En Stock;Reserva disponible;0;2023-01-15;2023-01-15;1;;;0;;0;new;0;0;0;0;0;;;;;0;0;0;0;0
339;1;Albahaca;Semilla;92;1;;0;;;;;S275;;;;;;;;;;;;;;0;162;;;;;;;;;semilla;Meta title-ALBAHACA;Meta keywords-ALBAHACA;Meta description-ALBAHACA;;En Stock;Reserva disponible;0;2023-01-15;2023-01-15;1;;;0;;0;new;0;0;0;0;0;;;;;0;0;0;0;0
353;1;Stenocarpus Verde;Semilla;300;1;;0;;;;;S276;;;;;;;;;;;;;;0;162;;;;;;;;;semilla;Meta title-STENOCARPUS VERDE;Meta keywords-STENOCARPUS VERDE;Meta description-STENOCARPUS VERDE;;En Stock;Reserva disponible;0;2023-01-15;2023-01-15;1;;;0;;0;new;0;0;0;0;0;;;;;0;0;0;0;0
358;1;Monstera;Semilla;1500;1;;0;;;;;S277;;;;;;;;;;;;;;0;162;;;;;;;;;semilla;Meta title-MONSTERA;Meta keywords-MONSTERA;Meta description-MONSTERA;;En Stock;Reserva disponible;0;2023-01-15;2023-01-15;1;;;0;;0;new;0;0;0;0;0;;;;;0;0;0;0;0
372;1;Limonium Qis Mix;Semilla;74;1;;0;;;;;S278;;;;;;;;;;;;;;0;162;;;;;;;;;semilla;Meta title-LIMONIUM QIS MIX;Meta keywords-LIMONIUM QIS MIX;Meta description-LIMONIUM QIS MIX;;En Stock;Reserva disponible;0;2023-01-15;2023-01-15;1;;;0;;0;new;0;0;0;0;0;;;;;0;0;0;0;0
375;1;Pansy Matrixmix Clear;Semilla;0;1;;0;;;;;S279;;;;;;;;;;;;;;0;162;;;;;;;;;semilla;Meta title-PANSY MATRIXMIX CLEAR;Meta keywords-PANSY MATRIXMIX CLEAR;Meta description-PANSY MATRIXMIX CLEAR;;En Stock;Reserva disponible;0;2023-01-15;2023-01-15;1;;;0;;0;new;0;0;0;0;0;;;;;0;0;0;0;0
334;1;Suculenta Con Sedum (bandu);Planta Terminada;1200;1;;0;;;;;PT01;;;;;;;;;;;;;;0;162;;;;;;;;;planta-terminada;Meta title-SUCULENTA CON SEDUM (BANDU);Meta keywords-SUCULENTA CON SEDUM (BANDU);Meta description-SUCULENTA CON SEDUM (BANDU);;En Stock;Reserva disponible;0;2023-01-15;2023-01-15;1;;;0;;0;new;0;0;0;0;0;;;;;0;0;0;0;0
354;1;Clavelina (m13) (bandu 2023);Planta Terminada;650;1;;0;;;;;PT02;;;;;;;;;;;;;;0;162;;;;;;;;;planta-terminada;Meta title-CLAVELINA (M13) (BANDU 2023);Meta keywords-CLAVELINA (M13) (BANDU 2023);Meta description-CLAVELINA (M13) (BANDU 2023);;En Stock;Reserva disponible;0;2023-01-15;2023-01-15;1;;;0;;0;new;0;0;0;0;0;;;;;0;0;0;0;0
355;1;Lavanda Blue Spear (m17) (bandu);Planta Terminada;2300;1;;0;;;;;PT03;;;;;;;;;;;;;;0;162;;;;;;;;;planta-terminada;Meta title-LAVANDA BLUE SPEAR (M17) (BANDU);Meta keywords-LAVANDA BLUE SPEAR (M17) (BANDU);Meta description-LAVANDA BLUE SPEAR (M17) (BANDU);;En Stock;Reserva disponible;0;2023-01-15;2023-01-15;1;;;0;;0;new;0;0;0;0;0;;;;;0;0;0;0;0
356;1;Osteospermum (m14)(bandu);Planta Terminada;1250;1;;0;;;;;PT04;;;;;;;;;;;;;;0;162;;;;;;;;;planta-terminada;Meta title-OSTEOSPERMUM (M14)(BANDU);Meta keywords-OSTEOSPERMUM (M14)(BANDU);Meta description-OSTEOSPERMUM (M14)(BANDU);;En Stock;Reserva disponible;0;2023-01-15;2023-01-15;1;;;0;;0;new;0;0;0;0;0;;;;;0;0;0;0;0
359;1;Lavanda Francesa (m14) (bandu);Planta Terminada;1600;1;;0;;;;;PT05;;;;;;;;;;;;;;0;162;;;;;;;;;planta-terminada;Meta title-LAVANDA FRANCESA (M14) (BANDU);Meta keywords-LAVANDA FRANCESA (M14) (BANDU);Meta description-LAVANDA FRANCESA (M14) (BANDU);;En Stock;Reserva disponible;0;2023-01-15;2023-01-15;1;;;0;;0;new;0;0;0;0;0;;;;;0;0;0;0;0
360;1;Lavanda Blue Spear (m17);Planta Terminada;4000;1;;0;;;;;PT06;;;;;;;;;;;;;;0;162;;;;;;;;;planta-terminada;Meta title-LAVANDA BLUE SPEAR (M17);Meta keywords-LAVANDA BLUE SPEAR (M17);Meta description-LAVANDA BLUE SPEAR (M17);;En Stock;Reserva disponible;0;2023-01-15;2023-01-15;1;;;0;;0;new;0;0;0;0;0;;;;;0;0;0;0;0
361;1;Lavanda Francesa (m14);Planta Terminada;3500;1;;0;;;;;PT07;;;;;;;;;;;;;;0;162;;;;;;;;;planta-terminada;Meta title-LAVANDA FRANCESA (M14);Meta keywords-LAVANDA FRANCESA (M14);Meta description-LAVANDA FRANCESA (M14);;En Stock;Reserva disponible;0;2023-01-15;2023-01-15;1;;;0;;0;new;0;0;0;0;0;;;;;0;0;0;0;0
362;1;Osteospermum (m14);Planta Terminada;3000;1;;0;;;;;PT08;;;;;;;;;;;;;;0;162;;;;;;;;;planta-terminada;Meta title-OSTEOSPERMUM (M14);Meta keywords-OSTEOSPERMUM (M14);Meta description-OSTEOSPERMUM (M14);;En Stock;Reserva disponible;0;2023-01-15;2023-01-15;1;;;0;;0;new;0;0;0;0;0;;;;;0;0;0;0;0
363;1;Eucalipto Dolar;Planta Terminada;8000;1;;0;;;;;PT09;;;;;;;;;;;;;;0;162;;;;;;;;;planta-terminada;Meta title-EUCALIPTO DOLAR;Meta keywords-EUCALIPTO DOLAR;Meta description-EUCALIPTO DOLAR;;En Stock;Reserva disponible;0;2023-01-15;2023-01-15;1;;;0;;0;new;0;0;0;0;0;;;;;0;0;0;0;0
364;1;Lavanda Blue Spear (m17) (bandu 2021);Planta Terminada;1300;1;;0;;;;;PT10;;;;;;;;;;;;;;0;162;;;;;;;;;planta-terminada;Meta title-LAVANDA BLUE SPEAR (M17) (BANDU 2021);Meta keywords-LAVANDA BLUE SPEAR (M17) (BANDU 2021);Meta description-LAVANDA BLUE SPEAR (M17) (BANDU 2021);;En Stock;Reserva disponible;0;2023-01-15;2023-01-15;1;;;0;;0;new;0;0;0;0;0;;;;;0;0;0;0;0
365;1;Lavanda Francesa (m14) (bandu 2021);Planta Terminada;650;1;;0;;;;;PT11;;;;;;;;;;;;;;0;162;;;;;;;;;planta-terminada;Meta title-LAVANDA FRANCESA (M14) (BANDU 2021);Meta keywords-LAVANDA FRANCESA (M14) (BANDU 2021);Meta description-LAVANDA FRANCESA (M14) (BANDU 2021);;En Stock;Reserva disponible;0;2023-01-15;2023-01-15;1;;;0;;0;new;0;0;0;0;0;;;;;0;0;0;0;0
366;1;Osteospermum (m14)(bandu 2021);Planta Terminada;800;1;;0;;;;;PT12;;;;;;;;;;;;;;0;162;;;;;;;;;planta-terminada;Meta title-OSTEOSPERMUM (M14)(BANDU 2021);Meta keywords-OSTEOSPERMUM (M14)(BANDU 2021);Meta description-OSTEOSPERMUM (M14)(BANDU 2021);;En Stock;Reserva disponible;0;2023-01-15;2023-01-15;1;;;0;;0;new;0;0;0;0;0;;;;;0;0;0;0;0
367;1;Coprosma;Planta Terminada;4000;1;;0;;;;;PT13;;;;;;;;;;;;;;0;162;;;;;;;;;planta-terminada;Meta title-COPROSMA;Meta keywords-COPROSMA;Meta description-COPROSMA;;En Stock;Reserva disponible;0;2023-01-15;2023-01-15;1;;;0;;0;new;0;0;0;0;0;;;;;0;0;0;0;0
369;1;Lavanda Blue Spear (m17) (bandu 2023);Planta Terminada;1790;1;;0;;;;;PT14;;;;;;;;;;;;;;0;162;;;;;;;;;planta-terminada;Meta title-LAVANDA BLUE SPEAR (M17) (BANDU 2023);Meta keywords-LAVANDA BLUE SPEAR (M17) (BANDU 2023);Meta description-LAVANDA BLUE SPEAR (M17) (BANDU 2023);;En Stock;Reserva disponible;0;2023-01-15;2023-01-15;1;;;0;;0;new;0;0;0;0;0;;;;;0;0;0;0;0
370;1;Lavanda Francesa (m14) (bandu 2023);Planta Terminada;1250;1;;0;;;;;PT15;;;;;;;;;;;;;;0;162;;;;;;;;;planta-terminada;Meta title-LAVANDA FRANCESA (M14) (BANDU 2023);Meta keywords-LAVANDA FRANCESA (M14) (BANDU 2023);Meta description-LAVANDA FRANCESA (M14) (BANDU 2023);;En Stock;Reserva disponible;0;2023-01-15;2023-01-15;1;;;0;;0;new;0;0;0;0;0;;;;;0;0;0;0;0
371;1;Osteospermum (m14)(bandu 2023);Planta Terminada;880;1;;0;;;;;PT16;;;;;;;;;;;;;;0;162;;;;;;;;;planta-terminada;Meta title-OSTEOSPERMUM (M14)(BANDU 2023);Meta keywords-OSTEOSPERMUM (M14)(BANDU 2023);Meta description-OSTEOSPERMUM (M14)(BANDU 2023);;En Stock;Reserva disponible;0;2023-01-15;2023-01-15;1;;;0;;0;new;0;0;0;0;0;;;;;0;0;0;0;0
373;1;Suculenta Con Sedum;Planta Terminada;2900;1;;0;;;;;PT17;;;;;;;;;;;;;;0;162;;;;;;;;;planta-terminada;Meta title-SUCULENTA CON SEDUM;Meta keywords-SUCULENTA CON SEDUM;Meta description-SUCULENTA CON SEDUM;;En Stock;Reserva disponible;0;2023-01-15;2023-01-15;1;;;0;;0;new;0;0;0;0;0;;;;;0;0;0;0;0
374;1;Hortensia;Planta Terminada;7500;1;;0;;;;;PT18;;;;;;;;;;;;;;0;162;;;;;;;;;planta-terminada;Meta title-HORTENSIA;Meta keywords-HORTENSIA;Meta description-HORTENSIA;;En Stock;Reserva disponible;0;2023-01-15;2023-01-15;1;;;0;;0;new;0;0;0;0;0;;;;;0;0;0;0;0
